id_farmaco,nombre,ic50_nm,pchembl,a√±o,smiles,descripcion_ensayo,nivel_potencia
CHEMBL2114210,Sin nombre comercial,110000.0,,1998,OC[C@H]1N[C@H](CO)[C@@H](O)C(O)[C@@H]1O,Inhibitory activity measured against alpha-glucosidase of rice by colorimetric assay using the D-glucose oxidase-peroxidase method,Baja
CHEMBL2114210,Sin nombre comercial,110000.0,,1998,OC[C@H]1N[C@H](CO)[C@@H](O)C(O)[C@@H]1O,Inhibitory activity measured against alpha-glucosidase of rice by colorimetric assay using the D-glucose oxidase-peroxidase method,Baja
CHEMBL87169,Sin nombre comercial,700.0,6.16,1998,OCC1NC(CO)[C@@H](O)C(O)C1O,Inhibitory activity measured against alpha-glucosidase of rice by colorimetric assay using the D-glucose oxidase-peroxidase method,Media
CHEMBL2115215,Sin nombre comercial,3200.0,5.5,1998,OC[C@@H]1N[C@H](CO)[C@@H](O)[C@H](O)[C@@H]1O,Inhibitory activity measured against alpha-glucosidase of rice by colorimetric assay using the D-glucose oxidase-peroxidase method,Media
CHEMBL501355,Sin nombre comercial,40.0,7.4,1998,OC[C@H]1N[C@H](CO)[C@@H](O)[C@H](O)[C@H]1O,Inhibitory activity measured against alpha-glucosidase of rice by colorimetric assay using the D-glucose oxidase-peroxidase method,Muy Alta
CHEMBL2093897,Sin nombre comercial,8400.0,5.08,1998,OC[C@@H]1N[C@H](CO)[C@@H](O)[C@H](O)[C@H]1O,Inhibitory activity measured against alpha-glucosidase of rice by colorimetric assay using the D-glucose oxidase-peroxidase method,Media
CHEMBL2442258,Sin nombre comercial,60.0,7.22,1998,CN1[C@H](CO)[C@H](O)[C@@H](O)[C@H](O)[C@H]1CO,Inhibitory activity measured against alpha-glucosidase of rice by colorimetric assay using the D-glucose oxidase-peroxidase method,Muy Alta
CHEMBL3084806,Sin nombre comercial,4200.0,5.38,1998,CCCCN1[C@H](CO)[C@H](O)[C@@H](O)[C@H](O)[C@H]1CO,Inhibitory activity measured against alpha-glucosidase of rice by colorimetric assay using the D-glucose oxidase-peroxidase method,Media
CHEMBL77918,Sin nombre comercial,50000.0,,1995,CCCCN1[C@H](CO)[C@@H](O)[C@H](O)[C@H]1CO,Inhibition of Glycosidases (maltase) in rat intestinal brush border membranes by D-glucose oxidase-peroxidase method maltase,Baja
CHEMBL307429,DUVOGLUSTAT,360.0,6.44,1995,OC[C@H]1NC[C@H](O)[C@@H](O)[C@@H]1O,Inhibition of Glycosidases (maltase) in rat intestinal brush border membranes by D-glucose oxidase-peroxidase method,Media
CHEMBL80254,Sin nombre comercial,55000.0,4.26,1995,OC[C@H]1NC[C@@H](O)[C@@H]1O,Inhibition of Glycosidases (maltase) in rat intestinal brush border membranes by D-glucose oxidase-peroxidase method,Baja
CHEMBL310229,Sin nombre comercial,50000.0,,1995,CCCCN1C[C@@H](O)[C@H](O)[C@H]1CO,Inhibition of Glycosidases (maltase) in rat intestinal brush border membranes by D-glucose oxidase-peroxidase method maltase,Baja
CHEMBL310231,Sin nombre comercial,50000.0,,1995,CN1[C@H](CO)[C@@H](O)[C@H](O)[C@H]1CO,Inhibition of Glycosidases (maltase) in rat intestinal brush border membranes by D-glucose oxidase-peroxidase method maltase,Baja
CHEMBL312653,Sin nombre comercial,50000.0,,1995,OC[C@H]1N[C@H](CO)[C@@H](O)[C@@H]1O,Inhibition of Glycosidases (maltase) in rat intestinal brush border membranes by D-glucose oxidase-peroxidase method maltase,Baja
CHEMBL1029,MIGLUSTAT,2100.0,5.68,1995,CCCCN1C[C@H](O)[C@@H](O)[C@H](O)[C@H]1CO,Inhibition of Glycosidases (maltase) in rat intestinal brush border membranes by D-glucose oxidase-peroxidase method maltase,Media
CHEMBL75971,Sin nombre comercial,120.0,6.92,1995,CN1C[C@H](O)[C@@H](O)[C@H](O)[C@H]1CO,Inhibition of Glycosidases (maltase) in rat intestinal brush border membranes by D-glucose oxidase-peroxidase method maltase,Media
CHEMBL80148,Sin nombre comercial,500000.0,,1995,CN1C[C@@H](O)[C@H](O)[C@H]1CO,Inhibition of Glycosidases (maltase) in rat intestinal brush border membranes by D-glucose oxidase-peroxidase method maltase,Baja
CHEMBL44,GENISTEIN,10400.0,4.98,2004,O=c1c(-c2ccc(O)cc2)coc2cc(O)cc(O)c12,Inhibition of yeast alpha-glucosidase by genistein,Baja
CHEMBL44,GENISTEIN,2610.0,5.58,2004,O=c1c(-c2ccc(O)cc2)coc2cc(O)cc(O)c12,Inhibition of yeast alpha-glucosidase after addition of D-glucose,Media
CHEMBL422734,Sin nombre comercial,17000.0,4.77,1996,CCCCCCCCNC1C=C(CO)C(O)C(O)C1O,Compound was tested for inhibitory activity against alpha-glucosidase.,Baja
CHEMBL176679,Sin nombre comercial,,,1996,CCCCCCCCCCNC1C=C(CO)C(O)C(O)C1O,Compound was tested for inhibitory activity against alpha-glucosidase; Not tested,Baja
CHEMBL1230806,VALIENAMINE,100000.0,4.0,1996,N[C@H]1C=C(CO)[C@@H](O)[C@H](O)[C@H]1O,Compound was tested for inhibitory activity against alpha-glucosidase.,Baja
CHEMBL369361,Sin nombre comercial,,,1996,CCCCCCCCCCCCC/C=C/[C@@H](O)[C@H](CNC1C=C(CO)C(O)C(O)C1O)NC(=O)CCCCCCCCCCCCCCC,Compound was tested for inhibitory activity against alpha-glucosidase; Not tested,Baja
CHEMBL367666,Sin nombre comercial,100000.0,,1996,CCCCNC1C=C(CO)C(O)C(O)C1O,Compound was tested for inhibitory activity against alpha-glucosidase.,Baja
CHEMBL426933,Sin nombre comercial,100000.0,,1996,CCCCCCCCCCCCCCCCCCNC1C=C(CO)C(O)C(O)C1O,Compound was tested for inhibitory activity against alpha-glucosidase.,Baja
CHEMBL174067,Sin nombre comercial,100000.0,,1996,OC1C(O)C(O)C2OC2C1O,Compound was tested for inhibitory activity against alpha-glucosidase.,Baja
CHEMBL170431,Sin nombre comercial,,,1996,CCCCCCCCCCCCCCNC1C=C(CO)C(O)C(O)C1O,Compound was tested for inhibitory activity against alpha-glucosidase; Not tested,Baja
CHEMBL1744444,(BETA)-VALIENAMINE,100000.0,4.0,1996,C[C@]12CCC(=O)C[C@@H]1CC[C@@H]1[C@@H]2CC[C@]2(C)[C@@H](O)CC[C@@H]12.C[C@]12CC[C@H]3[C@@H](CCC4CC(=O)CC[C@@]43C)[C@@H]1CC[C@@H]2O,Compound was tested for inhibitory activity against alpha-glucosidase.,Baja
CHEMBL354193,Sin nombre comercial,50000.0,4.3,1996,CCCCCCNC1C=C(CO)C(O)C(O)C1O,Compound was tested for inhibitory activity against alpha-glucosidase.,Baja
CHEMBL2374254,Sin nombre comercial,5.8,8.24,1986,OC[C@@]1(O)C[C@H](NC[C@H](O)c2ccccc2)[C@H](O)[C@H](O)[C@H]1O,Inhibitory activity against porcine maltase,Muy Alta
CHEMBL2051980,Sin nombre comercial,3200.0,5.5,1986,CO[C@H]1O[C@H](C)[C@@H](N[C@H]2C=C(CO)[C@@H](O)[C@H](O)[C@H]2O)[C@H](O)[C@H]1O,Inhibitory activity against porcine maltase,Media
CHEMBL2051761,Sin nombre comercial,28.0,7.55,1986,C[C@H]1C[C@H](N)[C@H](O)[C@@H](O)[C@@H]1N[C@H]1C[C@](O)(CO)[C@@H](O)[C@H](O)[C@H]1O,Inhibitory activity against porcine maltase,Muy Alta
CHEMBL2051982,Sin nombre comercial,70.0,7.16,1986,C[C@H]1C[C@@H](O)[C@H](O)[C@@H](O)[C@H]1N[C@H]1C[C@](O)(CO)[C@@H](O)[C@H](O)[C@H]1O,Inhibitory activity against porcine maltase,Muy Alta
CHEMBL2374252,Sin nombre comercial,34000.0,4.47,1986,OC[C@@H](N[C@H]1C[C@](O)(CO)[C@@H](O)[C@H](O)[C@H]1O)c1ccccc1,Inhibitory activity against porcine maltase,Baja
CHEMBL3349433,Sin nombre comercial,240.0,6.62,1986,OC[C@@]1(O)C[C@H](NCC2CCCCC2)[C@H](O)[C@@H](O)[C@@H]1O,Inhibitory activity against porcine maltase,Media
CHEMBL1230806,VALIENAMINE,340000.0,,1986,N[C@H]1C=C(CO)[C@@H](O)[C@H](O)[C@H]1O,Inhibitory activity against porcine maltase,Baja
CHEMBL3349432,Sin nombre comercial,6.1,8.21,1986,OC[C@@]1(O)C[C@H](N[C@@H]2CCCC[C@H]2O)[C@H](O)[C@@H](O)[C@@H]1O,Inhibitory activity against porcine maltase,Muy Alta
CHEMBL3349431,Sin nombre comercial,15.0,7.82,1986,OCN(CO)[C@H]1C[C@](O)(CO)[C@@H](O)[C@H](O)[C@H]1O,Inhibitory activity against porcine maltase,Muy Alta
CHEMBL3349439,Sin nombre comercial,1600.0,5.8,1986,OC[C@@]1(O)C[C@H](N[C@H]2CCCC[C@@H]2O)[C@H](O)[C@@H](O)[C@@H]1O,Inhibitory activity against porcine maltase,Media
CHEMBL3349435,Sin nombre comercial,230.0,6.64,1986,OC[C@@]1(O)C[C@H](NCc2ccc(Br)cc2)[C@H](O)[C@@H](O)[C@@H]1O,Inhibitory activity against porcine maltase,Media
CHEMBL2051983,Sin nombre comercial,4.9,8.31,1986,CO[C@H]1O[C@H](C)[C@@H](N[C@H]2C[C@](O)(CO)[C@@H](O)[C@H](O)[C@H]2O)[C@H](O)[C@H]1O,Inhibitory activity against porcine maltase,Muy Alta
CHEMBL3349440,Sin nombre comercial,550.0,6.26,1986,OCC(CO)N[C@H]1C[C@H](CO)[C@@H](O)[C@H](O)[C@H]1O,Inhibitory activity against porcine maltase,Media
CHEMBL222396,VALIOLAMINE,2200.0,5.66,1986,N[C@H]1C[C@](O)(CO)[C@@H](O)[C@H](O)[C@H]1O,Inhibitory activity against porcine maltase,Media
CHEMBL2051762,Sin nombre comercial,68.0,7.17,1986,C[C@H]1C[C@H](O)[C@H](O)[C@@H](O)[C@H]1N[C@H]1C[C@](O)(CO)[C@@H](O)[C@H](O)[C@H]1O,Inhibitory activity against porcine maltase,Muy Alta
CHEMBL1628264,Sin nombre comercial,110000.0,,1986,N[C@H]1C[C@H](CO)[C@@H](O)[C@H](O)[C@H]1O,Inhibitory activity against porcine maltase,Baja
CHEMBL3349436,Sin nombre comercial,5900.0,5.23,1986,OCC1=C[C@H](NC(CO)CO)[C@H](O)[C@@H](O)[C@@H]1O,Inhibitory activity against porcine maltase,Media
CHEMBL2051978,Sin nombre comercial,1500.0,5.82,1986,C[C@H]1C[C@H](N)[C@H](O)[C@@H](O)[C@H]1N[C@H]1C[C@](O)(CO)[C@@H](O)[C@H](O)[C@H]1O,Inhibitory activity against porcine maltase,Media
CHEMBL2051981,Sin nombre comercial,72.0,7.14,1986,CO[C@H]1O[C@H](CO)[C@@H](N[C@H]2C[C@](O)(CO)[C@@H](O)[C@H](O)[C@H]2O)[C@H](O)[C@H]1O,Inhibitory activity against porcine maltase,Muy Alta
CHEMBL3349441,Sin nombre comercial,200.0,6.7,1986,OC[C@@]1(O)C[C@H](NCc2cccs2)[C@H](O)[C@@H](O)[C@@H]1O,Inhibitory activity against porcine maltase,Media
CHEMBL2374255,Sin nombre comercial,5000.0,5.3,1986,OC[C@@]1(O)C[C@H](NC[C@@H](O)c2ccccc2)[C@H](O)[C@H](O)[C@H]1O,Inhibitory activity against porcine maltase,Media
CHEMBL2051763,Sin nombre comercial,7200.0,5.14,1986,CO[C@H]1O[C@H](CO)[C@@H](N[C@H]2C=C(CO)[C@@H](O)[C@H](O)[C@H]2O)[C@H](O)[C@H]1O,Inhibitory activity against porcine maltase,Media
CHEMBL3349438,Sin nombre comercial,520.0,6.28,1986,CC(C)=CCC/C(C)=C/CN[C@H]1C[C@](O)(CO)[C@@H](O)[C@H](O)[C@H]1O,Inhibitory activity against porcine maltase,Media
CHEMBL2051760,Sin nombre comercial,650.0,6.19,1986,CO[C@H]1O[C@H](C)[C@H](N[C@H]2C[C@](O)(CO)[C@@H](O)[C@H](O)[C@H]2O)[C@H](O)[C@H]1O,Inhibitory activity against porcine maltase,Media
CHEMBL3349443,Sin nombre comercial,270.0,6.57,1986,OC[C@@]1(O)C[C@H](NC/C=C/c2ccccc2)[C@H](O)[C@@H](O)[C@@H]1O,Inhibitory activity against porcine maltase,Media
CHEMBL2051979,Sin nombre comercial,80000.0,4.1,1986,CO[C@H]1O[C@H](CO)[C@H](N[C@H]2C=C(CO)[C@@H](O)[C@H](O)[C@H]2O)[C@H](O)[C@H]1O,Inhibitory activity against porcine maltase,Baja
CHEMBL2374253,Sin nombre comercial,13.0,7.89,1986,OC[C@H](N[C@H]1C[C@](O)(CO)[C@@H](O)[C@H](O)[C@H]1O)c1ccccc1,Inhibitory activity against porcine maltase,Muy Alta
CHEMBL3349446,Sin nombre comercial,330.0,6.48,1986,OC[C@@]1(O)C[C@H](NCc2cccnc2)[C@H](O)[C@@H](O)[C@@H]1O,Inhibitory activity against porcine maltase,Media
CHEMBL3349437,Sin nombre comercial,100.0,7.0,1986,OC[C@@]1(O)C[C@H](NCCc2ccccc2)[C@H](O)[C@@H](O)[C@@H]1O,Inhibitory activity against porcine maltase,Muy Alta
CHEMBL3349434,Sin nombre comercial,410.0,6.39,1986,OC[C@@]1(O)C[C@H](NC2CCCCC2)[C@H](O)[C@@H](O)[C@@H]1O,Inhibitory activity against porcine maltase,Media
CHEMBL3349442,Sin nombre comercial,43.0,7.37,1986,CC(C)(C)c1cc(CN[C@H]2C[C@](O)(CO)[C@@H](O)[C@H](O)[C@H]2O)cc(C(C)(C)C)c1O,Inhibitory activity against porcine maltase,Muy Alta
CHEMBL2051764,Sin nombre comercial,100000.0,4.0,1986,CO[C@H]1O[C@H](C)[C@H](N[C@H]2C=C(CO)[C@@H](O)[C@H](O)[C@H]2O)[C@H](O)[C@H]1O,Inhibitory activity against porcine maltase,Baja
CHEMBL2051759,Sin nombre comercial,100.0,7.0,1986,CO[C@H]1O[C@H](CO)[C@H](N[C@H]2C[C@](O)(CO)[C@@H](O)[C@H](O)[C@H]2O)[C@H](O)[C@H]1O,Inhibitory activity against porcine maltase,Muy Alta
CHEMBL307429,DUVOGLUSTAT,40.0,7.4,2005,OC[C@H]1NC[C@H](O)[C@@H](O)[C@@H]1O,Inhibitory concentration against human alpha-glucosidase,Muy Alta
CHEMBL380336,Sin nombre comercial,101000.0,,2006,C=C1CC[C@@H]2[C@]3(C)COC(c4ccccc4)O[C@@H]3CC[C@@]2(C)[C@@H]1C/C=C1/C(=O)OC[C@H]1O,Inhibition of alpha glucosidase,Baja
CHEMBL205969,Sin nombre comercial,101000.0,,2006,C[C@]1(CO)[C@H]2CC[C@@]3(CO3)[C@@H](/C=C/C3=C/C(=C/C=C/c4ccccc4)OC3=O)[C@]2(C)CC[C@H]1O,Inhibition of alpha glucosidase,Baja
CHEMBL205155,Sin nombre comercial,120000.0,,2006,COc1ccc(/C=C2/C=C(/C=C/[C@@H]3[C@@]4(CC[C@@H]5[C@](C)(CO)[C@H](O)CC[C@]53C)CO4)C(=O)O2)cc1,Inhibition of alpha glucosidase,Baja
CHEMBL209093,Sin nombre comercial,58000.0,4.24,2006,C=C1CC[C@@H]2[C@](C)(CO)[C@H](O)CC[C@@]2(C)[C@@H]1/C=C/C1=C/C(=C/C=C/c2ccccc2)OC1=O,Inhibition of alpha glucosidase,Baja
CHEMBL377520,Sin nombre comercial,16000.0,4.8,2006,C=C1CC[C@@H]2[C@](C)(CO)[C@H](O)CC[C@@]2(C)[C@@H]1/C=C/C1=C/C(=C/c2ccc(OC)cc2)OC1=O,Inhibition of alpha glucosidase,Baja
CHEMBL206309,Sin nombre comercial,110000.0,,2006,C=C1CC[C@@H]2[C@](C)(CO)[C@H](O)CC[C@@]2(C)[C@@H]1/C=C/C1=C/C(=C/CCC)OC1=O,Inhibition of alpha glucosidase,Baja
CHEMBL379280,Sin nombre comercial,100000.0,4.0,2006,C=C1CC[C@@H]2[C@]3(C)COC(c4cccc(Br)c4)O[C@@H]3CC[C@@]2(C)[C@@H]1C/C=C1/C(=O)OC[C@H]1O,Inhibition of alpha glucosidase,Baja
CHEMBL241374,Sin nombre comercial,100000.0,4.0,2007,C=C1CC[C@@H]2[C@](C)(CO)[C@H](O)CC[C@@]2(C)[C@@H]1/C=C/C1=C/C(=C/c2ccco2)OC1=O,Inhibition of alpha-glucosidase,Baja
CHEMBL238604,Sin nombre comercial,84000.0,4.08,2007,C=C1CC[C@@H]2[C@](C)(CO)[C@H](O)CC[C@@]2(C)[C@@H]1/C=C/C1=C/C(=C/c2cc(OC)c(OC)cc2OC)OC1=O,Inhibition of alpha-glucosidase,Baja
CHEMBL398800,Sin nombre comercial,82000.0,4.09,2007,C=C1CC[C@@H]2[C@](C)(CO)[C@H](O)CC[C@@]2(C)[C@@H]1/C=C/C1=C/C(=C/c2ccc3c(c2)OCO3)OC1=O,Inhibition of alpha-glucosidase,Baja
CHEMBL377520,Sin nombre comercial,16000.0,4.8,2007,C=C1CC[C@@H]2[C@](C)(CO)[C@H](O)CC[C@@]2(C)[C@@H]1/C=C/C1=C/C(=C/c2ccc(OC)cc2)OC1=O,Inhibition of alpha-glucosidase,Baja
CHEMBL241165,Sin nombre comercial,70000.0,4.16,2007,C=C1CC[C@@H]2[C@](C)(CO)[C@H](O)CC[C@@]2(C)[C@@H]1/C=C/C1=C/C(=C/c2ccc(N(C)C)cc2)OC1=O,Inhibition of alpha-glucosidase,Baja
CHEMBL394049,Sin nombre comercial,11000.0,4.96,2007,C=C1CC[C@@H]2[C@](C)(COC(=O)c3cccnc3)[C@H](OC(=O)c3cccnc3)CC[C@@]2(C)[C@@H]1/C=C/C1=C/C(=C\c2ccc(OC)cc2)OC1=O,Inhibition of alpha-glucosidase,Baja
CHEMBL240080,Sin nombre comercial,36000.0,4.44,2007,C=C1CC[C@@H]2[C@](C)(COC(=O)c3cccnc3)[C@H](OC(=O)c3cccnc3)CC[C@@]2(C)[C@@H]1/C=C/C1=C/C(=C/c2ccco2)OC1=O,Inhibition of alpha-glucosidase,Baja
CHEMBL437564,Sin nombre comercial,25000.0,4.6,2007,C=C1CC[C@@H]2[C@](C)(COC(=O)c3cccnc3)[C@H](OC(=O)c3cccnc3)CC[C@@]2(C)[C@@H]1/C=C/C1=C/C(=C\c2ccc(N(C)C)cc2)OC1=O,Inhibition of alpha-glucosidase,Baja
CHEMBL396679,Sin nombre comercial,14000.0,4.85,2007,C=C1CC[C@@H]2[C@](C)(COC(=O)c3cccnc3)[C@H](OC(=O)c3cccnc3)CC[C@@]2(C)[C@@H]1/C=C/C1=C/C(=C\c2cccc(Br)c2)OC1=O,Inhibition of alpha-glucosidase,Baja
CHEMBL394682,Sin nombre comercial,6000.0,5.22,2007,C=C1CC[C@@H]2[C@](C)(COC(=O)c3cccnc3)[C@H](OC(=O)c3cccnc3)CC[C@@]2(C)[C@@H]1/C=C/C1=C/C(=C\c2ccc(Cl)cc2)OC1=O,Inhibition of alpha-glucosidase,Media
CHEMBL396678,Sin nombre comercial,16000.0,4.8,2007,C=C1CC[C@@H]2[C@](C)(COC(=O)c3cccnc3)[C@H](OC(=O)c3cccnc3)CC[C@@]2(C)[C@@H]1/C=C/C1=C/C(=C\c2ccccc2)OC1=O,Inhibition of alpha-glucosidase,Baja
CHEMBL396677,Sin nombre comercial,28000.0,4.55,2007,C=C1CC[C@@H]2[C@](C)(COC(=O)c3cccnc3)[C@H](OC(=O)c3cccnc3)CC[C@@]2(C)[C@@H]1/C=C/C1=C/C(=C\C(C)=C\CCC/C=C/C)OC1=O,Inhibition of alpha-glucosidase,Baja
CHEMBL238603,Sin nombre comercial,58000.0,4.24,2007,C=C1CC[C@@H]2[C@](C)(CO)[C@H](O)CC[C@@]2(C)[C@@H]1/C=C/C1=C/C(=C/c2ccccc2)OC1=O,Inhibition of alpha-glucosidase,Baja
CHEMBL470042,TERRETONIN A,100.0,,2005,C=C1C[C@H]2[C@@](C)(C(=O)C(O)=C3C(C)(C)C(=O)CC[C@@]32C)[C@@H]2C(=O)O[C@@](C)(C(=O)OC)C(=O)[C@@]12C,Inhibition of maltase,Baja
CHEMBL470039,TERRITREM A,100.0,,2005,COc1cc(-c2cc3c(c(=O)o2)C[C@]2(O)[C@@]4(C)C(=O)C=CC(C)(C)[C@]4(O)CC[C@@]2(C)O3)cc2c1OCO2,Inhibition of maltase,Baja
CHEMBL511953,TERRETONIN,100.0,,2005,C=C1C[C@]2(O)[C@@]3(C)CCC(=O)C(C)(C)C3=C(O)C(=O)[C@@]2(C)[C@@H]2C(=O)O[C@@](C)(C(=O)OC)C(=O)[C@@]12C,Inhibition of maltase,Baja
CHEMBL307429,DUVOGLUSTAT,2000.0,5.7,2010,OC[C@H]1NC[C@H](O)[C@@H](O)[C@@H]1O,Inhibition of maltase by HPLC,Media
CHEMBL1561,MIGLITOL,6000.0,5.22,2010,OCCN1C[C@H](O)[C@@H](O)[C@H](O)[C@H]1CO,Inhibition of maltase by HPLC,Media
CHEMBL1029,MIGLUSTAT,9000.0,5.05,2010,CCCCN1C[C@H](O)[C@@H](O)[C@H](O)[C@H]1CO,Inhibition of maltase by HPLC,Media
CHEMBL574645,Sin nombre comercial,4000.0,5.4,2010,OC[C@@H]1[C@@H](O)[C@H](O)[C@@H](O)CN1CCCCCOCC12CC3CC(CC(C3)C1)C2,Inhibition of maltase by HPLC,Media
CHEMBL175901,Sin nombre comercial,1000000.0,,2010,OC[C@@H]1NC[C@H](O)[C@@H](O)[C@@H]1O,Inhibition of maltase by HPLC,Baja
CHEMBL1076754,Sin nombre comercial,1000000.0,,2010,CCCCN1C[C@H](O)[C@@H](O)[C@H](O)[C@@H]1CO,Inhibition of maltase by HPLC,Baja
CHEMBL1086996,Sin nombre comercial,1000000.0,,2010,OC[C@H]1[C@@H](O)[C@H](O)[C@@H](O)CN1CCCCCOCC12CC3CC(CC(C3)C1)C2,Inhibition of maltase by HPLC,Baja
CHEMBL110458,MIGALASTAT,1500.0,5.82,2010,OC[C@H]1NC[C@H](O)[C@@H](O)[C@H]1O,Inhibition of maltase by HPLC,Media
CHEMBL1086997,LUCERASTAT,10000.0,5.0,2010,CCCCN1C[C@H](O)[C@@H](O)[C@@H](O)[C@H]1CO,Inhibition of maltase by HPLC,Media
CHEMBL1088158,Sin nombre comercial,15000.0,4.82,2010,OC[C@@H]1[C@H](O)[C@H](O)[C@@H](O)CN1CCCCCOCC12CC3CC(CC(C3)C1)C2,Inhibition of maltase by HPLC,Baja
CHEMBL179409,Sin nombre comercial,1000000.0,,2010,OC[C@@H]1NC[C@H](O)[C@@H](O)[C@H]1O,Inhibition of maltase by HPLC,Baja
CHEMBL1088291,Sin nombre comercial,1000000.0,,2010,CCCCN1C[C@H](O)[C@@H](O)[C@@H](O)[C@@H]1CO,Inhibition of maltase by HPLC,Baja
CHEMBL1088292,Sin nombre comercial,1000000.0,,2010,OC[C@H]1[C@H](O)[C@H](O)[C@@H](O)CN1CCCCCOCC12CC3CC(CC(C3)C1)C2,Inhibition of maltase by HPLC,Baja
CHEMBL574645,Sin nombre comercial,3000.0,5.52,2014,OC[C@@H]1[C@@H](O)[C@H](O)[C@@H](O)CN1CCCCCOCC12CC3CC(CC(C3)C1)C2,Inhibition of intestinal maltase (unknown origin),Media
CHEMBL1086996,Sin nombre comercial,500000.0,,2014,OC[C@H]1[C@@H](O)[C@H](O)[C@@H](O)CN1CCCCCOCC12CC3CC(CC(C3)C1)C2,Inhibition of intestinal maltase (unknown origin),Baja
CHEMBL3354025,Sin nombre comercial,2000.0,5.7,2014,OC[C@@H]1[C@@H](O)[C@H](O)[C@@H](O)CN1CCCCCOCc1ccc(-c2ccccc2)cc1,Inhibition of intestinal maltase (unknown origin),Media
CHEMBL3354038,Sin nombre comercial,100000.0,,2014,OC[C@H]1[C@@H](O)[C@H](O)[C@@H](O)CN1CCCCCOCc1ccc(-c2ccccc2)cc1,Inhibition of intestinal maltase (unknown origin),Baja
CHEMBL3354062,Sin nombre comercial,1500.0,5.82,2014,OC[C@@H]1[C@@H](O)[C@H](O)[C@@H](O)CN1CCCCCOCc1ccccc1-c1ccccc1,Inhibition of intestinal maltase (unknown origin),Media
CHEMBL3354063,Sin nombre comercial,1500.0,5.82,2014,OC[C@@H]1[C@@H](O)[C@H](O)[C@@H](O)CN1CCCCCOCc1cccc(-c2ccccc2)c1,Inhibition of intestinal maltase (unknown origin),Media
CHEMBL3354620,Sin nombre comercial,100000.0,,2014,OC[C@@H]1[C@@H](O)[C@H](O)[C@@H](O)CN1CC(F)(F)CCCOCc1ccc(-c2ccccc2)cc1,Inhibition of intestinal maltase (unknown origin),Baja
CHEMBL3354621,Sin nombre comercial,9000.0,5.05,2014,OC[C@@H]1[C@@H](O)[C@H](O)[C@@H](O)CN1CCCC(F)(F)COCc1ccc(-c2ccccc2)cc1,Inhibition of intestinal maltase (unknown origin),Media
CHEMBL3354622,Sin nombre comercial,2500.0,5.6,2014,C[C@H](OCCCCCN1C[C@H](O)[C@@H](O)[C@H](O)[C@H]1CO)c1ccc(-c2ccccc2)cc1,Inhibition of intestinal maltase (unknown origin),Media
CHEMBL3354623,Sin nombre comercial,4000.0,5.4,2014,C[C@@H](OCCCCCN1C[C@H](O)[C@@H](O)[C@H](O)[C@H]1CO)c1ccc(-c2ccccc2)cc1,Inhibition of intestinal maltase (unknown origin),Media
CHEMBL3354624,Sin nombre comercial,2500.0,5.6,2014,OC[C@@H]1[C@@H](O)[C@H](O)[C@@H](O)CN1CCCCCOCc1ccc(-c2ccccc2)cc1F,Inhibition of intestinal maltase (unknown origin),Media
CHEMBL3354625,Sin nombre comercial,3000.0,5.52,2014,OC[C@@H]1[C@@H](O)[C@H](O)[C@@H](O)CN1CCCCCOCc1ccc(-c2ccccc2)c(F)c1,Inhibition of intestinal maltase (unknown origin),Media
CHEMBL3354626,Sin nombre comercial,8000.0,5.1,2014,OC[C@@H]1[C@@H](O)[C@H](O)[C@@H](O)CN1CCCCCOCc1ccc(-c2ccccc2)cc1C(F)(F)F,Inhibition of intestinal maltase (unknown origin),Media
CHEMBL3354627,Sin nombre comercial,7000.0,5.16,2014,OC[C@@H]1[C@@H](O)[C@H](O)[C@@H](O)CN1CCCCCOCc1ccc(-c2ccccc2)c(C(F)(F)F)c1,Inhibition of intestinal maltase (unknown origin),Media
CHEMBL3354628,Sin nombre comercial,100000.0,,2014,C[C@H](OCCCCCN1C[C@H](O)[C@@H](O)[C@H](O)[C@@H]1CO)c1ccc(-c2ccccc2)cc1,Inhibition of intestinal maltase (unknown origin),Baja
CHEMBL3354629,Sin nombre comercial,100000.0,,2014,C[C@@H](OCCCCCN1C[C@H](O)[C@@H](O)[C@H](O)[C@@H]1CO)c1ccc(-c2ccccc2)cc1,Inhibition of intestinal maltase (unknown origin),Baja
CHEMBL3354630,Sin nombre comercial,100000.0,,2014,OC[C@H]1[C@@H](O)[C@H](O)[C@@H](O)CN1CCCCCOCc1ccccc1-c1ccccc1,Inhibition of intestinal maltase (unknown origin),Baja
CHEMBL3354631,Sin nombre comercial,100000.0,,2014,OC[C@H]1[C@@H](O)[C@H](O)[C@@H](O)CN1CCCCCOCc1cccc(-c2ccccc2)c1,Inhibition of intestinal maltase (unknown origin),Baja
CHEMBL3354632,Sin nombre comercial,100000.0,,2014,OC[C@H]1[C@@H](O)[C@H](O)[C@@H](O)CN1CC(F)(F)CCCOCc1ccc(-c2ccccc2)cc1,Inhibition of intestinal maltase (unknown origin),Baja
CHEMBL3354633,Sin nombre comercial,100000.0,,2014,OC[C@H]1[C@@H](O)[C@H](O)[C@@H](O)CN1CCCC(F)(F)COCc1ccc(-c2ccccc2)cc1,Inhibition of intestinal maltase (unknown origin),Baja
CHEMBL3354634,Sin nombre comercial,100000.0,,2014,OC[C@H]1[C@@H](O)[C@H](O)[C@@H](O)CN1CCCCCOCc1ccc(-c2ccccc2)cc1C(F)(F)F,Inhibition of intestinal maltase (unknown origin),Baja
CHEMBL3354635,Sin nombre comercial,100000.0,,2014,OC[C@H]1[C@@H](O)[C@H](O)[C@@H](O)CN1CCCCCOCc1ccc(-c2ccccc2)c(C(F)(F)F)c1,Inhibition of intestinal maltase (unknown origin),Baja
CHEMBL3354636,Sin nombre comercial,100000.0,,2014,OC[C@H]1[C@@H](O)[C@H](O)[C@@H](O)CN1CCCCCOCc1ccc(-c2ccccc2)cc1F,Inhibition of intestinal maltase (unknown origin),Baja
CHEMBL3354637,NIZUBAGLUSTAT,100000.0,,2014,OC[C@H]1[C@@H](O)[C@H](O)[C@@H](O)CN1CCCCCOCc1ccc(-c2ccccc2)c(F)c1,Inhibition of intestinal maltase (unknown origin),Baja
CHEMBL3407617,Sin nombre comercial,6500.0,5.19,2015,COc1ccc(O)c(/C=N/NC(=O)c2ccc(-c3nc4ccccc4s3)cc2)c1,Inhibition of alpha-glucosidase (unknown origin) using pNPG substrate incubated for 15 mins by microplate reader based method,Media
CHEMBL3407618,Sin nombre comercial,10230.0,4.99,2015,O=C(N/N=C\c1ccccn1)c1ccc(-c2nc3ccccc3s2)cc1,Inhibition of alpha-glucosidase (unknown origin) using pNPG substrate incubated for 15 mins by microplate reader based method,Baja
CHEMBL3407619,Sin nombre comercial,,,2015,O=C(N/N=C/c1cccnc1)c1ccc(-c2nc3ccccc3s2)cc1,Inhibition of alpha-glucosidase (unknown origin) using pNPG substrate incubated for 15 mins by microplate reader based method,Baja
CHEMBL3407620,Sin nombre comercial,11290.0,4.95,2015,O=C(N/N=C/c1ccc(O)cc1)c1ccc(-c2nc3ccccc3s2)cc1,Inhibition of alpha-glucosidase (unknown origin) using pNPG substrate incubated for 15 mins by microplate reader based method,Baja
CHEMBL3407621,Sin nombre comercial,8480.0,5.07,2015,O=C(N/N=C/c1cccs1)c1ccc(-c2nc3ccccc3s2)cc1,Inhibition of alpha-glucosidase (unknown origin) using pNPG substrate incubated for 15 mins by microplate reader based method,Media
CHEMBL3407622,Sin nombre comercial,11220.0,4.95,2015,O=C(N/N=C/c1cccc(O)c1O)c1ccc(-c2nc3ccccc3s2)cc1,Inhibition of alpha-glucosidase (unknown origin) using pNPG substrate incubated for 15 mins by microplate reader based method,Baja
CHEMBL3407623,Sin nombre comercial,6970.0,5.16,2015,COc1ccc(/C=N/NC(=O)c2ccc(-c3nc4ccccc4s3)cc2)c(O)c1,Inhibition of alpha-glucosidase (unknown origin) using pNPG substrate incubated for 15 mins by microplate reader based method,Media
CHEMBL3407624,Sin nombre comercial,5550.0,5.26,2015,O=C(N/N=C/c1ccccc1O)c1ccc(-c2nc3ccccc3s2)cc1,Inhibition of alpha-glucosidase (unknown origin) using pNPG substrate incubated for 15 mins by microplate reader based method,Media
CHEMBL3407625,Sin nombre comercial,12750.0,4.89,2015,O=C(N/N=C\c1ccco1)c1ccc(-c2nc3ccccc3s2)cc1,Inhibition of alpha-glucosidase (unknown origin) using pNPG substrate incubated for 15 mins by microplate reader based method,Baja
CHEMBL3407626,Sin nombre comercial,15090.0,4.82,2015,O=C(N/N=C/c1ccc(O)c(O)c1)c1ccc(-c2nc3ccccc3s2)cc1,Inhibition of alpha-glucosidase (unknown origin) using pNPG substrate incubated for 15 mins by microplate reader based method,Baja
CHEMBL3407627,Sin nombre comercial,5580.0,5.25,2015,O=C(N/N=C/c1ccc(O)cc1O)c1ccc(-c2nc3ccccc3s2)cc1,Inhibition of alpha-glucosidase (unknown origin) using pNPG substrate incubated for 15 mins by microplate reader based method,Media
CHEMBL3407628,Sin nombre comercial,,,2015,COC(=O)c1ccc(/C=N/NC(=O)c2ccc(-c3nc4ccccc4s3)cc2)cc1,Inhibition of alpha-glucosidase (unknown origin) using pNPG substrate incubated for 15 mins by microplate reader based method,Baja
CHEMBL3407629,Sin nombre comercial,,,2015,COc1ccc(/C=N/NC(=O)c2ccc(-c3nc4ccccc4s3)cc2)cc1OC,Inhibition of alpha-glucosidase (unknown origin) using pNPG substrate incubated for 15 mins by microplate reader based method,Baja
CHEMBL3407630,Sin nombre comercial,26380.0,4.58,2015,O=C(N/N=C/c1ccc([N+](=O)[O-])cc1)c1ccc(-c2nc3ccccc3s2)cc1,Inhibition of alpha-glucosidase (unknown origin) using pNPG substrate incubated for 15 mins by microplate reader based method,Baja
CHEMBL3407631,Sin nombre comercial,,,2015,COc1ccc(/C=N/NC(=O)c2ccc(-c3nc4ccccc4s3)cc2)cc1O,Inhibition of alpha-glucosidase (unknown origin) using pNPG substrate incubated for 15 mins by microplate reader based method,Baja
CHEMBL404271,ACARBOSE,906000.0,,2015,C[C@H]1O[C@H](O[C@H]2[C@H](O)[C@@H](O)[C@@H](O[C@H]3[C@H](O)[C@@H](O)C(O)O[C@@H]3CO)O[C@@H]2CO)[C@H](O)[C@@H](O)[C@@H]1N[C@H]1C=C(CO)[C@@H](O)[C@H](O)[C@H]1O,Inhibition of alpha-glucosidase (unknown origin) using pNPG substrate incubated for 15 mins by microplate reader based method,Baja
CHEMBL3407632,Sin nombre comercial,7120.0,5.15,2015,O=C(N/N=C/c1ccc(F)cc1)c1ccc(-c2nc3ccccc3s2)cc1,Inhibition of alpha-glucosidase (unknown origin) using pNPG substrate incubated for 15 mins by microplate reader based method,Media
CHEMBL3407633,Sin nombre comercial,16170.0,4.79,2015,COc1cc(/C=N/NC(=O)c2ccc(-c3nc4ccccc4s3)cc2)cc(OC)c1,Inhibition of alpha-glucosidase (unknown origin) using pNPG substrate incubated for 15 mins by microplate reader based method,Baja
CHEMBL3407634,Sin nombre comercial,8050.0,5.09,2015,O=C(N/N=C/c1ccccc1)c1ccc(-c2nc3ccccc3s2)cc1,Inhibition of alpha-glucosidase (unknown origin) using pNPG substrate incubated for 15 mins by microplate reader based method,Media
CHEMBL3407635,Sin nombre comercial,28020.0,4.55,2015,O=C(N/N=C/c1ccc(F)c(Br)c1)c1ccc(-c2nc3ccccc3s2)cc1,Inhibition of alpha-glucosidase (unknown origin) using pNPG substrate incubated for 15 mins by microplate reader based method,Baja
CHEMBL3407636,Sin nombre comercial,18330.0,4.74,2015,COc1ccc(/C=N/NC(=O)c2ccc(-c3nc4ccccc4s3)cc2)cc1,Inhibition of alpha-glucosidase (unknown origin) using pNPG substrate incubated for 15 mins by microplate reader based method,Baja
CHEMBL3407637,Sin nombre comercial,8370.0,5.08,2015,O=C(N/N=C/c1c(O)cc(O)cc1O)c1ccc(-c2nc3ccccc3s2)cc1,Inhibition of alpha-glucosidase (unknown origin) using pNPG substrate incubated for 15 mins by microplate reader based method,Media
CHEMBL3407638,Sin nombre comercial,8070.0,5.09,2015,O=C(N/N=C/c1ccc(O)c(Br)c1)c1ccc(-c2nc3ccccc3s2)cc1,Inhibition of alpha-glucosidase (unknown origin) using pNPG substrate incubated for 15 mins by microplate reader based method,Media
CHEMBL3407639,Sin nombre comercial,5310.0,5.28,2015,O=C(N/N=C/c1ccc(Cl)cc1)c1ccc(-c2nc3ccccc3s2)cc1,Inhibition of alpha-glucosidase (unknown origin) using pNPG substrate incubated for 15 mins by microplate reader based method,Media
CHEMBL3407640,Sin nombre comercial,11090.0,4.96,2015,COc1cccc(/C=N/NC(=O)c2ccc(-c3nc4ccccc4s3)cc2)c1,Inhibition of alpha-glucosidase (unknown origin) using pNPG substrate incubated for 15 mins by microplate reader based method,Baja
CHEMBL3407641,Sin nombre comercial,9210.0,5.04,2015,O=C(N/N=C/c1cccc(O)c1)c1ccc(-c2nc3ccccc3s2)cc1,Inhibition of alpha-glucosidase (unknown origin) using pNPG substrate incubated for 15 mins by microplate reader based method,Media
CHEMBL3407642,Sin nombre comercial,,,2015,O=C(N/N=C/c1ccncc1)c1ccc(-c2nc3ccccc3s2)cc1,Inhibition of alpha-glucosidase (unknown origin) using pNPG substrate incubated for 15 mins by microplate reader based method,Baja
CHEMBL3407643,Sin nombre comercial,53340.0,4.27,2015,COc1cc(/C=N/NC(=O)c2ccc(-c3nc4ccccc4s3)cc2)ccc1O,Inhibition of alpha-glucosidase (unknown origin) using pNPG substrate incubated for 15 mins by microplate reader based method,Baja
CHEMBL3407644,Sin nombre comercial,44800.0,4.35,2015,COc1ccc(/C=N/NC(=O)c2ccc(-c3nc4ccccc4s3)cc2)c(I)c1O,Inhibition of alpha-glucosidase (unknown origin) using pNPG substrate incubated for 15 mins by microplate reader based method,Baja
CHEMBL3407645,Sin nombre comercial,11850.0,4.93,2015,O=C(N/N=C/c1cc(O)ccc1O)c1ccc(-c2nc3ccccc3s2)cc1,Inhibition of alpha-glucosidase (unknown origin) using pNPG substrate incubated for 15 mins by microplate reader based method,Baja
CHEMBL3407646,Sin nombre comercial,11120.0,4.95,2015,O=C(N/N=C/c1cc(O)cc(O)c1)c1ccc(-c2nc3ccccc3s2)cc1,Inhibition of alpha-glucosidase (unknown origin) using pNPG substrate incubated for 15 mins by microplate reader based method,Baja
CHEMBL3814747,Sin nombre comercial,2000.0,5.7,2016,CO[C@@H](CO)[C@H](O)C[S+]1C[C@@H](O)[C@H](O)[C@H]1CO.[Cl-],Inhibition of human small intestine microsomal maltase using maltose as substrate incubated for 30 mins by glucose-oxidase method,Media
CHEMBL3814838,Sin nombre comercial,960.0,6.02,2016,CCO[C@@H](CO)[C@H](O)C[S+]1C[C@@H](O)[C@H](O)[C@H]1CO.[Cl-],Inhibition of human small intestine microsomal maltase using maltose as substrate incubated for 30 mins by glucose-oxidase method,Media
CHEMBL3814555,Sin nombre comercial,1500.0,5.82,2016,CCCCCO[C@@H](CO)[C@H](O)C[S+]1C[C@@H](O)[C@H](O)[C@H]1CO.[Cl-],Inhibition of human small intestine microsomal maltase using maltose as substrate incubated for 30 mins by glucose-oxidase method,Media
CHEMBL3814911,Sin nombre comercial,640.0,6.19,2016,CCCCCCCO[C@@H](CO)[C@H](O)C[S+]1C[C@@H](O)[C@H](O)[C@H]1CO.[Cl-],Inhibition of human small intestine microsomal maltase using maltose as substrate incubated for 30 mins by glucose-oxidase method,Media
CHEMBL3814264,Sin nombre comercial,1100.0,5.96,2016,CCCCCCCCCCCCCO[C@@H](CO)[C@H](O)C[S+]1C[C@@H](O)[C@H](O)[C@H]1CO.[Cl-],Inhibition of human small intestine microsomal maltase using maltose as substrate incubated for 30 mins by glucose-oxidase method,Media
CHEMBL3814988,Sin nombre comercial,690.0,6.16,2016,CC(C)CO[C@@H](CO)[C@H](O)C[S+]1C[C@@H](O)[C@H](O)[C@H]1CO.[Cl-],Inhibition of human small intestine microsomal maltase using maltose as substrate incubated for 30 mins by glucose-oxidase method,Media
CHEMBL3815109,Sin nombre comercial,470.0,6.33,2016,CC(C)(C)CO[C@@H](CO)[C@H](O)C[S+]1C[C@@H](O)[C@H](O)[C@H]1CO.[Cl-],Inhibition of human small intestine microsomal maltase using maltose as substrate incubated for 30 mins by glucose-oxidase method,Media
CHEMBL3814496,Sin nombre comercial,150.0,6.82,2016,O=[N+]([O-])c1ccccc1CO[C@@H](CO)[C@H](O)C[S+]1C[C@@H](O)[C@H](O)[C@H]1CO.[Cl-],Inhibition of human small intestine microsomal maltase using maltose as substrate incubated for 30 mins by glucose-oxidase method,Media
CHEMBL239249,Sin nombre comercial,4900.0,5.31,2016,O=S(=O)([O-])O[C@@H](CO)[C@H](O)C[S+]1C[C@@H](O)[C@H](O)[C@H]1CO,Inhibition of human small intestine microsomal maltase using maltose as substrate incubated for 30 mins by glucose-oxidase method,Media
CHEMBL1182462,Sin nombre comercial,9000.0,5.05,2016,OC[C@@H]1[C@@H](O)[C@H](O)C[S+]1C[C@@H](O)[C@@H](O)CO,Inhibition of human small intestine microsomal maltase using maltose as substrate incubated for 30 mins by glucose-oxidase method,Media
CHEMBL476960,VOGLIBOSE,1300.0,5.89,2016,OCC(CO)N[C@H]1C[C@](O)(CO)[C@@H](O)[C@H](O)[C@H]1O,Inhibition of human small intestine microsomal maltase using maltose as substrate incubated for 30 mins by glucose-oxidase method,Media
CHEMBL4299399,Sin nombre comercial,15200.0,4.82,2016,C[C@@H]1O[C@@H](O[C@@H]2[C@@H](O)[C@H](O)[C@H](O[C@H]3[C@H](O)[C@@H](O)C(O)O[C@@H]3CO)O[C@H]2CO)[C@@H](O)[C@H](O)[C@H]1N[C@H]1C=C(CO)[C@@H](O)[C@H](O)[C@H]1O,Inhibition of human small intestine microsomal maltase using maltose as substrate incubated for 30 mins by glucose-oxidase method,Baja
CHEMBL1561,MIGLITOL,3700.0,5.43,2016,OCCN1C[C@H](O)[C@@H](O)[C@H](O)[C@H]1CO,Inhibition of human small intestine microsomal maltase using maltose as substrate incubated for 30 mins by glucose-oxidase method,Media
CHEMBL1208974,SALACINOL,4900.0,5.31,2021,O=S(=O)([O-])O[C@@H](CO)[C@H](O)C[S@+]1C[C@@H](O)[C@H](O)[C@H]1CO,Inhibition of human intestinal maltase using maltose as substrate incubated for 30 mins and immediately heated for 2 mins by glucose oxidase method,Media
CHEMBL1684162,NEOSALACINOL,9000.0,5.05,2021,[O-][C@@H](CO)[C@H](O)C[S@+]1C[C@@H](O)[C@H](O)[C@H]1CO,Inhibition of human intestinal maltase using maltose as substrate incubated for 30 mins and immediately heated for 2 mins by glucose oxidase method,Media
CHEMBL476960,VOGLIBOSE,1300.0,5.89,2021,OCC(CO)N[C@H]1C[C@](O)(CO)[C@@H](O)[C@H](O)[C@H]1O,Inhibition of human intestinal maltase using maltose as substrate incubated for 30 mins and immediately heated for 2 mins by glucose oxidase method,Media
CHEMBL404271,ACARBOSE,15200.0,4.82,2021,C[C@H]1O[C@H](O[C@H]2[C@H](O)[C@@H](O)[C@@H](O[C@H]3[C@H](O)[C@@H](O)C(O)O[C@@H]3CO)O[C@@H]2CO)[C@H](O)[C@@H](O)[C@@H]1N[C@H]1C=C(CO)[C@@H](O)[C@H](O)[C@H]1O,Inhibition of human intestinal maltase using maltose as substrate incubated for 30 mins and immediately heated for 2 mins by glucose oxidase method,Baja
CHEMBL1561,MIGLITOL,3700.0,5.43,2021,OCCN1C[C@H](O)[C@@H](O)[C@H](O)[C@H]1CO,Inhibition of human intestinal maltase using maltose as substrate incubated for 30 mins and immediately heated for 2 mins by glucose oxidase method,Media
CHEMBL4757019,Sin nombre comercial,4800.0,5.32,2021,CCC[C@@H](O)[C@H](OS(=O)(=O)[O-])[C@H](O)C[S@+]1C[C@@H](O)[C@H](O)[C@H]1CO,Inhibition of human intestinal maltase,Media
CHEMBL4744484,Sin nombre comercial,1700.0,5.77,2021,CCCCCC[C@@H](O)[C@H](OS(=O)(=O)[O-])[C@H](O)C[S@+]1C[C@@H](O)[C@H](O)[C@H]1CO,Inhibition of human intestinal maltase,Media
CHEMBL4786471,Sin nombre comercial,1200.0,5.92,2021,CCCCCCCC[C@@H](O)[C@H](OS(=O)(=O)[O-])[C@H](O)C[S@+]1C[C@@H](O)[C@H](O)[C@H]1CO,Inhibition of human intestinal maltase,Media
CHEMBL4779172,Sin nombre comercial,1500.0,5.82,2021,CCCCCCCCCC[C@@H](O)[C@H](OS(=O)(=O)[O-])[C@H](O)C[S@+]1C[C@@H](O)[C@H](O)[C@H]1CO,Inhibition of human intestinal maltase,Media
CHEMBL4757822,Sin nombre comercial,2000.0,5.7,2021,CCCCCCCC[C@@H](O)[C@H](O)[C@H](O)C[S@+]1C[C@@H](O)[C@H](O)[C@H]1CO.CS(=O)(=O)[O-],Inhibition of human intestinal maltase,Media
CHEMBL4757984,Sin nombre comercial,5000.0,5.3,2021,CCC[C@@H](O)[C@H](O)[C@H](O)C[S@+]1C[C@@H](O)[C@H](O)[C@H]1CO.CS(=O)(=O)[O-],Inhibition of human intestinal maltase,Media
CHEMBL454551,L-RADICAMINE A,6700.0,5.17,2020,COc1ccc([C@@H]2N[C@@H](CO)[C@H](O)[C@H]2O)cc1O,Inhibition of alpha-glucosidase (unknown origin) using sucrose as substrate incubated for 30 mins,Media
CHEMBL4783560,Sin nombre comercial,9300.0,5.03,2020,OC[C@@H]1N[C@@H](c2ccc(O)cc2)[C@H](O)[C@H]1O,Inhibition of alpha-glucosidase (unknown origin) using sucrose as substrate incubated for 30 mins,Media
CHEMBL307429,DUVOGLUSTAT,1400.0,5.85,2021,OC[C@H]1NC[C@H](O)[C@@H](O)[C@@H]1O,Inhibition of human alpha-glucosidase,Media
CHEMBL4856375,Sin nombre comercial,1000.0,6.0,2021,C[C@]1(CO)NC[C@H](O)[C@@H](O)[C@@H]1O.Cl,Inhibition of human alpha-glucosidase,Media
CHEMBL307429,DUVOGLUSTAT,8030.0,5.09,2021,OC[C@H]1NC[C@H](O)[C@@H](O)[C@@H]1O,Inhibition of alpha-glucosidase (unknown origin) preincubated for 5 mins followed by addition of pNPG substrate and measured after 30 mins by spectrophotometric method,Media
CHEMBL5083981,Sin nombre comercial,40560.0,4.39,2021,COc1ccc(-c2oc3cc(OC)cc(OC)c3c(=O)c2OCCCCCN2C[C@H](O)[C@@H](O)[C@H](O)[C@H]2CO)cc1,Inhibition of alpha-glucosidase (unknown origin) preincubated for 5 mins followed by addition of pNPG substrate and measured after 30 mins by spectrophotometric method,Baja
CHEMBL5076041,Sin nombre comercial,1780.0,5.75,2021,COc1ccc(-c2oc3cc(OC)cc(OC)c3c(=O)c2OCCCCCCCCN2C[C@H](O)[C@@H](O)[C@H](O)[C@H]2CO)cc1,Inhibition of alpha-glucosidase (unknown origin) preincubated for 5 mins followed by addition of pNPG substrate and measured after 30 mins by spectrophotometric method,Media
CHEMBL5082173,Sin nombre comercial,240.0,6.62,2021,COc1ccc(-c2oc3cc(OC)cc(OC)c3c(=O)c2OCCCCCCCCCCCN2C[C@H](O)[C@@H](O)[C@H](O)[C@H]2CO)cc1,Inhibition of alpha-glucosidase (unknown origin) preincubated for 5 mins followed by addition of pNPG substrate and measured after 30 mins by spectrophotometric method,Media
CHEMBL5084733,Sin nombre comercial,25000.0,,2021,C=C1C(=O)O[C@@H]2/C=C(\C)[C@@H](O)C/C=C(\C)C[C@@H](OC(=O)/C(=C\C)COC(C)=O)[C@@H]12,Inhibition of alpha-glucosidase (unknown origin) using p-nitrophenyl-alpha-D-glucopyranoside as substrate incubated for 50 mins by microplate reader analysis,Baja
CHEMBL5094636,Sin nombre comercial,29000.0,,2021,C=C1C(=O)O[C@@H]2/C=C(\C)CC/C=C(\C)C[C@@H](OC(=O)/C(=C\COC(C)=O)CO)[C@@H]12,Inhibition of alpha-glucosidase (unknown origin) using p-nitrophenyl-alpha-D-glucopyranoside as substrate incubated for 50 mins by microplate reader analysis,Baja
CHEMBL5077500,Sin nombre comercial,25000.0,,2021,C=C1C(=O)O[C@@H]2/C=C(\C)CC/C=C(\CO)C[C@@H](OC(=O)/C(C)=C/C)[C@@H]12,Inhibition of alpha-glucosidase (unknown origin) using p-nitrophenyl-alpha-D-glucopyranoside as substrate incubated for 50 mins by microplate reader analysis,Baja
CHEMBL5070918,Sin nombre comercial,29000.0,,2021,C=C1C(=O)O[C@@H]2/C=C(\C)CC/C=C(\C)C[C@@H](OC(=O)/C(=C\C)CO)[C@@H]12,Inhibition of alpha-glucosidase (unknown origin) using p-nitrophenyl-alpha-D-glucopyranoside as substrate incubated for 50 mins by microplate reader analysis,Baja
CHEMBL521162,DEACETYLEUPASERRIN,28000.0,,2021,C=C1C(=O)O[C@@H]2/C=C(\C)C[C@H](O)/C=C(\C)C[C@@H](OC(=O)/C(=C\C)CO)[C@@H]12,Inhibition of alpha-glucosidase (unknown origin) using p-nitrophenyl-alpha-D-glucopyranoside as substrate incubated for 50 mins by microplate reader analysis,Baja
CHEMBL5075131,Sin nombre comercial,25000.0,,2021,C=C1C(=O)O[C@@H]2/C=C(\C)C[C@H](O)/C=C(\C)C[C@@H](OC(=O)/C(=C\C)COC(C)=O)[C@@H]12,Inhibition of alpha-glucosidase (unknown origin) using p-nitrophenyl-alpha-D-glucopyranoside as substrate incubated for 50 mins by microplate reader analysis,Baja
CHEMBL5079023,Sin nombre comercial,28000.0,,2021,C=C1C(=O)O[C@@H]2/C=C(\C)CC/C=C(\CC(=O)O)C[C@@H](OC(=O)/C(C)=C/C)[C@@H]12,Inhibition of alpha-glucosidase (unknown origin) using p-nitrophenyl-alpha-D-glucopyranoside as substrate incubated for 50 mins by microplate reader analysis,Baja
CHEMBL5083965,Sin nombre comercial,29000.0,,2021,C=C1C(=O)O[C@@H]2/C=C(\C)CC/C=C(\C)C[C@@H](OC(=O)/C(=C/C)CO)[C@@H]12,Inhibition of alpha-glucosidase (unknown origin) using p-nitrophenyl-alpha-D-glucopyranoside as substrate incubated for 50 mins by microplate reader analysis,Baja
CHEMBL5088957,Sin nombre comercial,25000.0,,2021,C=C1C(=O)O[C@@H]2/C=C(\C)CC/C=C(\C)C[C@@H](OC(=O)/C(=C/C)COC(C)=O)[C@@H]12,Inhibition of alpha-glucosidase (unknown origin) using p-nitrophenyl-alpha-D-glucopyranoside as substrate incubated for 50 mins by microplate reader analysis,Baja
CHEMBL490011,Sin nombre comercial,28000.0,,2021,C=C1C(=O)O[C@@H]2/C=C(\C)CC/C=C(\C)C[C@@H](OC(=O)/C(=C/CO)CO)[C@@H]12,Inhibition of alpha-glucosidase (unknown origin) using p-nitrophenyl-alpha-D-glucopyranoside as substrate incubated for 50 mins by microplate reader analysis,Baja
CHEMBL50,QUERCETIN,10800.0,4.97,2021,O=c1c(O)c(-c2ccc(O)c(O)c2)oc2cc(O)cc(O)c12,Inhibition of alpha-glucosidase (unknown origin) using p-nitrophenyl-alpha-D-glucopyranoside as substrate incubated for 50 mins by microplate reader analysis,Baja
CHEMBL5201393,Sin nombre comercial,10500.0,4.98,2022,CC(C)=CCc1cc(C[C@@]2(C(=O)O)OC(=O)C(OC(C)(C)[C@@H](O)Cc3cc(C[C@@]4(C(=O)O)OC(=O)C(O)=C4c4ccc(O)cc4)ccc3O)=C2c2ccc(O)cc2)ccc1O,Inhibition of alpha-glucosidase (unknown origin),Baja
CHEMBL5172902,Sin nombre comercial,1410000.0,,2022,COc1cc2c(c(O)c1CO)C(=O)OC[C@@H]2O,Inhibition of alpha-Glucosidase (unknown origin) using pNPG as substrate incubated for 20 mins by micro plate reader analysis,Baja
CHEMBL5196850,Sin nombre comercial,166090.0,,2022,COc1ccc(C(=O)Nc2cccc(C(=O)/C=C3/Nc4ccccc4NC3=O)c2)cc1,Inhibition of alpha-glucosidase (unknown origin),Baja
CHEMBL5201575,Sin nombre comercial,40090.0,4.4,2022,O=C(/C=C/c1ccccc1)/C=C1/Nc2ccccc2NC1=O,Inhibition of alpha-glucosidase (unknown origin),Baja
CHEMBL4571630,Sin nombre comercial,276270.0,,2022,COc1ccc(C2SCC(=O)N2c2ccc3nc(Cc4ccc(O)cc4)c(=O)[nH]c3c2)cc1,Inhibition of alpha-glucosidase (unknown origin),Baja
CHEMBL5187552,Sin nombre comercial,301150.0,,2022,CC(C)c1nc2ccc(N3C(=O)CSC3c3ccc([N+](=O)[O-])cc3)cc2[nH]c1=O,Inhibition of alpha-glucosidase (unknown origin),Baja
CHEMBL5203236,Sin nombre comercial,9990.0,5.0,2022,O=c1[nH]c2ccccc2nc1N/N=C/c1cccs1,Inhibition of alpha-glucosidase (unknown origin),Media
CHEMBL5194852,Sin nombre comercial,13930.0,4.86,2022,COc1cccc(/C=N/Nc2nc3ccccc3[nH]c2=O)c1,Inhibition of alpha-glucosidase (unknown origin),Baja
CHEMBL5207115,Sin nombre comercial,22990.0,4.64,2022,O=c1[nH]c2ccccc2n2c(-c3ccc([N+](=O)[O-])cc3[N+](=O)[O-])ccc12,Inhibition of alpha-glucosidase (unknown origin),Baja
CHEMBL5200953,Sin nombre comercial,12910.0,4.89,2022,O=c1[nH]c2ccccc2n2c(-c3ccc(O)cc3O)ccc12,Inhibition of alpha-glucosidase (unknown origin),Baja
CHEMBL5179709,Sin nombre comercial,12980.0,4.89,2022,O=c1[nH]c2ccccc2n2c(-c3ccc(Cl)c(Cl)c3)ccc12,Inhibition of alpha-glucosidase (unknown origin),Baja
CHEMBL5173825,Sin nombre comercial,83780.0,4.08,2022,Cc1ccc(NC(=O)Cn2c(=O)c(C)nc3ccccc32)c([N+](=O)[O-])c1,Inhibition of alpha-glucosidase (unknown origin),Baja
CHEMBL5179527,Sin nombre comercial,21.92,,2022,Cc1nc2ccccc2n(CC(=O)N/N=C/c2ccc(OCCn3cc(CN4CCOCC4)nn3)cc2)c1=O,Inhibition of alpha-glucosidase (unknown origin),Baja
CHEMBL5183163,Sin nombre comercial,22.32,,2022,Cc1nc2ccccc2n(CC(=O)N/N=C/c2ccc(OCCn3cc(CN4CCCCC4)nn3)cc2)c1=O,Inhibition of alpha-glucosidase (unknown origin),Baja
CHEMBL5179462,Sin nombre comercial,23.58,,2022,Cc1nc2ccccc2n(CC(=O)N/N=C/c2ccc(OCCn3cc(CN4CCCC4)nn3)cc2)c1=O,Inhibition of alpha-glucosidase (unknown origin),Baja
CHEMBL5171904,Sin nombre comercial,24.5,,2022,Cc1ccc(-n2cc(COc3ccc(/C=N/NC(=O)Cn4c(=O)c(C)nc5ccccc54)cc3)nn2)cc1,Inhibition of alpha-glucosidase (unknown origin),Baja
CHEMBL404271,ACARBOSE,22.32,,2022,C[C@H]1O[C@H](O[C@H]2[C@H](O)[C@@H](O)[C@@H](O[C@H]3[C@H](O)[C@@H](O)C(O)O[C@@H]3CO)O[C@@H]2CO)[C@H](O)[C@@H](O)[C@@H]1N[C@H]1C=C(CO)[C@@H](O)[C@H](O)[C@H]1O,Inhibition of alpha-glucosidase (unknown origin),Baja
CHEMBL5186369,Sin nombre comercial,,,2022,C=CCc1cc(-c2cc(CC=C)c3oc(SCc4nnc(-c5ccccc5)o4)nc3c2)c2oc(SCc3nnc(-c4ccccc4)o3)nc2c1,Inhibition of alpha-glucosidase (unknown origin) using PNPG as substrate preincubated for 15 mins followed by substrate addition and measured after 10 mins by microplate reader analysis,Baja
CHEMBL5175555,Sin nombre comercial,,,2022,C=CCc1cc(-c2cc(CC=C)c3oc(SCc4nnc(-c5ccccc5F)o4)nc3c2)c2oc(SCc3nnc(-c4ccccc4F)o3)nc2c1,Inhibition of alpha-glucosidase (unknown origin) using PNPG as substrate preincubated for 15 mins followed by substrate addition and measured after 10 mins by microplate reader analysis,Baja
CHEMBL5181039,Sin nombre comercial,,,2022,C=CCc1cc(-c2cc(CC=C)c3oc(SCc4nnc(-c5cccc(F)c5)o4)nc3c2)c2oc(SCc3nnc(-c4cccc(F)c4)o3)nc2c1,Inhibition of alpha-glucosidase (unknown origin) using PNPG as substrate preincubated for 15 mins followed by substrate addition and measured after 10 mins by microplate reader analysis,Baja
CHEMBL5187266,Sin nombre comercial,,,2022,C=CCc1cc(-c2cc(CC=C)c3oc(SCc4nnc(-c5ccc(F)cc5)o4)nc3c2)c2oc(SCc3nnc(-c4ccc(F)cc4)o3)nc2c1,Inhibition of alpha-glucosidase (unknown origin) using PNPG as substrate preincubated for 15 mins followed by substrate addition and measured after 10 mins by microplate reader analysis,Baja
CHEMBL5201996,Sin nombre comercial,,,2022,C=CCc1cc(-c2cc(CC=C)c3oc(SCc4nnc(-c5ccccc5Cl)o4)nc3c2)c2oc(SCc3nnc(-c4ccccc4Cl)o3)nc2c1,Inhibition of alpha-glucosidase (unknown origin) using PNPG as substrate preincubated for 15 mins followed by substrate addition and measured after 10 mins by microplate reader analysis,Baja
CHEMBL5173632,Sin nombre comercial,,,2022,C=CCc1cc(-c2cc(CC=C)c3oc(SCc4nnc(-c5cccc(Cl)c5)o4)nc3c2)c2oc(SCc3nnc(-c4cccc(Cl)c4)o3)nc2c1,Inhibition of alpha-glucosidase (unknown origin) using PNPG as substrate preincubated for 15 mins followed by substrate addition and measured after 10 mins by microplate reader analysis,Baja
CHEMBL5184528,Sin nombre comercial,,,2022,C=CCc1cc(-c2cc(CC=C)c3oc(SCc4nnc(-c5ccc(Cl)cc5)o4)nc3c2)c2oc(SCc3nnc(-c4ccc(Cl)cc4)o3)nc2c1,Inhibition of alpha-glucosidase (unknown origin) using PNPG as substrate preincubated for 15 mins followed by substrate addition and measured after 10 mins by microplate reader analysis,Baja
CHEMBL5209522,Sin nombre comercial,25800.0,4.59,2022,C=CCc1cc(-c2cc(CC=C)c3oc(SCc4nnc(-c5ccccc5Br)o4)nc3c2)c2oc(SCc3nnc(-c4ccccc4Br)o3)nc2c1,Inhibition of alpha-glucosidase (unknown origin) using PNPG as substrate preincubated for 15 mins followed by substrate addition and measured after 10 mins by microplate reader analysis,Baja
CHEMBL5188001,Sin nombre comercial,,,2022,C=CCc1cc(-c2cc(CC=C)c3oc(SCc4nnc(-c5cccc(Br)c5)o4)nc3c2)c2oc(SCc3nnc(-c4cccc(Br)c4)o3)nc2c1,Inhibition of alpha-glucosidase (unknown origin) using PNPG as substrate preincubated for 15 mins followed by substrate addition and measured after 10 mins by microplate reader analysis,Baja
CHEMBL5184785,Sin nombre comercial,,,2022,C=CCc1cc(-c2cc(CC=C)c3oc(SCc4nnc(-c5ccc(Br)cc5)o4)nc3c2)c2oc(SCc3nnc(-c4ccc(Br)cc4)o3)nc2c1,Inhibition of alpha-glucosidase (unknown origin) using PNPG as substrate preincubated for 15 mins followed by substrate addition and measured after 10 mins by microplate reader analysis,Baja
CHEMBL5178321,Sin nombre comercial,25000.0,4.6,2022,C=CCc1cc(-c2cc(CC=C)c3oc(SCc4nnc(-c5ccccc5C)o4)nc3c2)c2oc(SCc3nnc(-c4ccccc4C)o3)nc2c1,Inhibition of alpha-glucosidase (unknown origin) using PNPG as substrate preincubated for 15 mins followed by substrate addition and measured after 10 mins by microplate reader analysis,Baja
CHEMBL5202537,Sin nombre comercial,18900.0,4.72,2022,C=CCc1cc(-c2cc(CC=C)c3oc(SCc4nnc(-c5cccc(C)c5)o4)nc3c2)c2oc(SCc3nnc(-c4cccc(C)c4)o3)nc2c1,Inhibition of alpha-glucosidase (unknown origin) using PNPG as substrate preincubated for 15 mins followed by substrate addition and measured after 10 mins by microplate reader analysis,Baja
CHEMBL5179105,Sin nombre comercial,,,2022,C=CCc1cc(-c2cc(CC=C)c3oc(SCc4nnc(-c5ccc(C)cc5)o4)nc3c2)c2oc(SCc3nnc(-c4ccc(C)cc4)o3)nc2c1,Inhibition of alpha-glucosidase (unknown origin) using PNPG as substrate preincubated for 15 mins followed by substrate addition and measured after 10 mins by microplate reader analysis,Baja
CHEMBL5191158,Sin nombre comercial,,,2022,C=CCc1cc(-c2cc(CC=C)c3oc(SCc4nnc(-c5ccccc5OC)o4)nc3c2)c2oc(SCc3nnc(-c4ccccc4OC)o3)nc2c1,Inhibition of alpha-glucosidase (unknown origin) using PNPG as substrate preincubated for 15 mins followed by substrate addition and measured after 10 mins by microplate reader analysis,Baja
CHEMBL5186121,Sin nombre comercial,24500.0,4.61,2022,C=CCc1cc(-c2cc(CC=C)c3oc(SCc4nnc(-c5cccc(OC)c5)o4)nc3c2)c2oc(SCc3nnc(-c4cccc(OC)c4)o3)nc2c1,Inhibition of alpha-glucosidase (unknown origin) using PNPG as substrate preincubated for 15 mins followed by substrate addition and measured after 10 mins by microplate reader analysis,Baja
CHEMBL5190273,Sin nombre comercial,,,2022,C=CCc1cc(-c2cc(CC=C)c3oc(SCc4nnc(-c5ccc(OC)cc5)o4)nc3c2)c2oc(SCc3nnc(-c4ccc(OC)cc4)o3)nc2c1,Inhibition of alpha-glucosidase (unknown origin) using PNPG as substrate preincubated for 15 mins followed by substrate addition and measured after 10 mins by microplate reader analysis,Baja
CHEMBL5205832,Sin nombre comercial,,,2022,C=CCc1cc(CSc2nnc(-c3ccccc3)o2)c(O)c(-c2ccc(O)c(CC=C)c2)c1,Inhibition of alpha-glucosidase (unknown origin) using PNPG as substrate preincubated for 15 mins followed by substrate addition and measured after 10 mins by microplate reader analysis,Baja
CHEMBL5209533,Sin nombre comercial,,,2022,C=CCc1cc(CSc2nnc(-c3cccc(F)c3)o2)c(O)c(-c2ccc(O)c(CC=C)c2)c1,Inhibition of alpha-glucosidase (unknown origin) using PNPG as substrate preincubated for 15 mins followed by substrate addition and measured after 10 mins by microplate reader analysis,Baja
CHEMBL5204998,Sin nombre comercial,,,2022,C=CCc1cc(CSc2nnc(-c3ccccc3Cl)o2)c(O)c(-c2ccc(O)c(CC=C)c2)c1,Inhibition of alpha-glucosidase (unknown origin) using PNPG as substrate preincubated for 15 mins followed by substrate addition and measured after 10 mins by microplate reader analysis,Baja
CHEMBL5204398,Sin nombre comercial,,,2022,C=CCc1cc(CSc2nnc(-c3ccc(Cl)cc3)o2)c(O)c(-c2ccc(O)c(CC=C)c2)c1,Inhibition of alpha-glucosidase (unknown origin) using PNPG as substrate preincubated for 15 mins followed by substrate addition and measured after 10 mins by microplate reader analysis,Baja
CHEMBL5179659,Sin nombre comercial,,,2022,C=CCc1cc(CSc2nnc(-c3ccc(Br)cc3)o2)c(O)c(-c2ccc(O)c(CC=C)c2)c1,Inhibition of alpha-glucosidase (unknown origin) using PNPG as substrate preincubated for 15 mins followed by substrate addition and measured after 10 mins by microplate reader analysis,Baja
CHEMBL5208330,Sin nombre comercial,,,2022,C=CCc1cc(CSc2nnc(-c3ccccc3C)o2)c(O)c(-c2ccc(O)c(CC=C)c2)c1,Inhibition of alpha-glucosidase (unknown origin) using PNPG as substrate preincubated for 15 mins followed by substrate addition and measured after 10 mins by microplate reader analysis,Baja
CHEMBL5186894,Sin nombre comercial,,,2022,C=CCc1cc(CSc2nnc(-c3cccc(C)c3)o2)c(O)c(-c2ccc(O)c(CC=C)c2)c1,Inhibition of alpha-glucosidase (unknown origin) using PNPG as substrate preincubated for 15 mins followed by substrate addition and measured after 10 mins by microplate reader analysis,Baja
CHEMBL5203202,Sin nombre comercial,,,2022,C=CCc1cc(CSc2nnc(-c3ccc(C)cc3)o2)c(O)c(-c2ccc(O)c(CC=C)c2)c1,Inhibition of alpha-glucosidase (unknown origin) using PNPG as substrate preincubated for 15 mins followed by substrate addition and measured after 10 mins by microplate reader analysis,Baja
CHEMBL5195148,Sin nombre comercial,52900.0,4.28,2022,C=CCc1cc(CSc2nnc(-c3cccc(OC)c3)o2)c(O)c(-c2ccc(O)c(CC=C)c2)c1,Inhibition of alpha-glucosidase (unknown origin) using PNPG as substrate preincubated for 15 mins followed by substrate addition and measured after 10 mins by microplate reader analysis,Baja
CHEMBL5199453,Sin nombre comercial,,,2022,C=CCc1cc(CSc2nnc(-c3ccc([N+](=O)[O-])cc3)o2)c(O)c(-c2ccc(O)c(CC=C)c2)c1,Inhibition of alpha-glucosidase (unknown origin) using PNPG as substrate preincubated for 15 mins followed by substrate addition and measured after 10 mins by microplate reader analysis,Baja
CHEMBL5187952,Sin nombre comercial,,,2022,C=CCc1cc(CSc2nnc(-c3cccnc3)o2)c(O)c(-c2ccc(O)c(CC=C)c2)c1,Inhibition of alpha-glucosidase (unknown origin) using PNPG as substrate preincubated for 15 mins followed by substrate addition and measured after 10 mins by microplate reader analysis,Baja
CHEMBL16901,HONOKIOL,,,2022,C=CCc1ccc(O)c(-c2ccc(O)c(CC=C)c2)c1,Inhibition of alpha-glucosidase (unknown origin) using PNPG as substrate preincubated for 15 mins followed by substrate addition and measured after 10 mins by microplate reader analysis,Baja
CHEMBL404271,ACARBOSE,24400.0,4.61,2022,C[C@H]1O[C@H](O[C@H]2[C@H](O)[C@@H](O)[C@@H](O[C@H]3[C@H](O)[C@@H](O)C(O)O[C@@H]3CO)O[C@@H]2CO)[C@H](O)[C@@H](O)[C@@H]1N[C@H]1C=C(CO)[C@@H](O)[C@H](O)[C@H]1O,Inhibition of alpha-glucosidase (unknown origin) using PNPG as substrate preincubated for 15 mins followed by substrate addition and measured after 10 mins by microplate reader analysis,Baja
CHEMBL80254,Sin nombre comercial,56000.0,4.25,2022,OC[C@H]1NC[C@@H](O)[C@@H]1O,Inhibition of human lysosomal alpha-glucosidase assessed as reduction of p-nitrophenol release using p-nitrophenyl-glycoside as substrate by spectrophotometric analysis,Baja
CHEMBL3751947,Sin nombre comercial,2700.0,5.57,2022,OC[C@@H]1NC[C@@H](O)[C@@H]1O,Inhibition of human lysosomal alpha-glucosidase assessed as reduction of p-nitrophenol release using p-nitrophenyl-glycoside as substrate by spectrophotometric analysis,Media
CHEMBL5175772,Sin nombre comercial,890.0,6.05,2022,Cc1cc(O)c2c(c1)-c1c(-c3ccc(O)cc3)c(=O)oc3c1c-2c(O)c1cccc(O)c13,Inhibition of alpha-glucosidase (unknown origin) using p-nitrophenyl-alpha-D-glucopyranoside as substrate incubated for 10 mins followed by substrate addition and measured after 15 mins by microplate reader analysis,Media
CHEMBL5194087,Sin nombre comercial,1580.0,5.8,2022,Cc1cc(O)c2c(c1)-c1c(-c3c[nH]c4ccccc34)c(=O)oc3c1c-2c(O)c1cccc(O)c13,Inhibition of alpha-glucosidase (unknown origin) using p-nitrophenyl-alpha-D-glucopyranoside as substrate incubated for 10 mins followed by substrate addition and measured after 15 mins by microplate reader analysis,Media
CHEMBL5175917,Sin nombre comercial,15300.0,4.82,2022,CC/C=C\C/C=C\CCC(=O)O[C@@]12[C@H](OC(=O)[C@@H](C)CC)[C@@H](C)[C@@]3(O)[C@@H](C(=O)C(CO)=C[C@]4(O)C(=O)C(C)=C[C@@H]34)[C@@H]1C2(C)C,Inhibition of Alpha-glucosidase (unknown origin),Baja
CHEMBL5289805,Sin nombre comercial,73800.0,4.13,2021,CC(C)=CCc1c(O)ccc2c1O/C(=C\c1ccc(O)cc1)C2=O,Inhibition of alpha-glucosidase (unknown origin),Baja
CHEMBL5274141,Sin nombre comercial,62100.0,4.21,2021,CC(C)(O)[C@H]1Cc2ccc3c(c2C1)O/C(=C\c1ccc(O)c(O)c1)C3=O,Inhibition of alpha-glucosidase (unknown origin),Baja
CHEMBL5281437,Sin nombre comercial,87600.0,4.06,2023,COc1ccc(CNC(=O)c2c(NC(=O)c3cccnc3)sc3c2CCC3)cc1,Inhibition of alpha-glucosidase (unknown origin),Baja
CHEMBL5267745,Sin nombre comercial,82500.0,4.08,2023,O=C(Nc1sc2c(c1C(=O)NCc1ccccc1)CCC2)c1cccnc1,Inhibition of alpha-glucosidase (unknown origin),Baja
CHEMBL5283691,Sin nombre comercial,93600.0,4.03,2023,COc1cc(CNC(=O)c2c(NC(=O)c3cccnc3)sc3c2CCC3)ccc1O,Inhibition of alpha-glucosidase (unknown origin),Baja
CHEMBL5286422,Sin nombre comercial,30200.0,4.52,2023,COc1ccc(CNC(=O)c2c(NC(=O)c3cccnc3)sc3c2CCCC3)cc1,Inhibition of alpha-glucosidase (unknown origin),Baja
CHEMBL5270418,Sin nombre comercial,45300.0,4.34,2023,O=C(Nc1sc2c(c1C(=O)NCc1ccccc1)CCCC2)c1cccnc1,Inhibition of alpha-glucosidase (unknown origin),Baja
CHEMBL5285158,Sin nombre comercial,64100.0,4.19,2023,O=C(Nc1sc2c(c1C(=O)NCc1ccccn1)CCCC2)c1cccnc1,Inhibition of alpha-glucosidase (unknown origin),Baja
CHEMBL5271561,Sin nombre comercial,507000.0,,2023,O=C(Nc1sc2c(c1C(=O)NCc1cccnc1)CCCC2)c1cccnc1,Inhibition of alpha-glucosidase (unknown origin),Baja
CHEMBL5273222,Sin nombre comercial,9900.0,5.0,2023,COc1cc(CNC(=O)c2c(NC(=O)c3cccnc3)sc3c2CCCC3)ccc1O,Inhibition of alpha-glucosidase (unknown origin),Media
CHEMBL5283357,Sin nombre comercial,87800.0,4.06,2023,COC(=O)c1ccc(CNC(=O)c2c(NC(=O)c3cccnc3)sc3c2CCCC3)cc1,Inhibition of alpha-glucosidase (unknown origin),Baja
CHEMBL5268974,Sin nombre comercial,63400.0,4.2,2023,O=C(Nc1sc2c(c1C(=O)NCc1ccccc1)CCCCC2)c1cccnc1,Inhibition of alpha-glucosidase (unknown origin),Baja
CHEMBL5269761,Sin nombre comercial,35400.0,4.45,2023,COc1cc(CNC(=O)c2c(NC(=O)c3cccnc3)sc3c2CCCCC3)ccc1O,Inhibition of alpha-glucosidase (unknown origin),Baja
CHEMBL404271,ACARBOSE,258500.0,,2023,C[C@H]1O[C@H](O[C@H]2[C@H](O)[C@@H](O)[C@@H](O[C@H]3[C@H](O)[C@@H](O)C(O)O[C@@H]3CO)O[C@@H]2CO)[C@H](O)[C@@H](O)[C@@H]1N[C@H]1C=C(CO)[C@@H](O)[C@H](O)[C@H]1O,Inhibition of alpha-glucosidase (unknown origin),Baja
CHEMBL1561,MIGLITOL,154300.0,,2023,OCCN1C[C@H](O)[C@@H](O)[C@H](O)[C@H]1CO,Inhibition of alpha-glucosidase (unknown origin),Baja
CHEMBL404271,ACARBOSE,40730.0,4.39,2022,C[C@H]1O[C@H](O[C@H]2[C@H](O)[C@@H](O)[C@@H](O[C@H]3[C@H](O)[C@@H](O)C(O)O[C@@H]3CO)O[C@@H]2CO)[C@H](O)[C@@H](O)[C@@H]1N[C@H]1C=C(CO)[C@@H](O)[C@H](O)[C@H]1O,Inhibition of alpha-glucosidase (unknown origin) using pNPG as substrate preincubated with enzyme for 15 mins followed by substrate addition and measured after 10 mins by microplate reader analysis,Baja
CHEMBL5270854,Sin nombre comercial,30450.0,4.52,2022,C=CCc1cc(-c2ccc(O)c(CC=C)c2)c(O)c(C(c2ccc(OC)cc2)N2CCCCC2)c1,Inhibition of alpha-glucosidase (unknown origin) using pNPG as substrate preincubated with enzyme for 15 mins followed by substrate addition and measured after 10 mins by microplate reader analysis,Baja
CHEMBL5280017,Sin nombre comercial,23510.0,4.63,2022,C=CCc1cc(-c2ccc(O)c(CC=C)c2)c(O)c(C(c2cc(Cl)cc(Cl)c2)N2CCCCC2)c1,Inhibition of alpha-glucosidase (unknown origin) using pNPG as substrate preincubated with enzyme for 15 mins followed by substrate addition and measured after 10 mins by microplate reader analysis,Baja
CHEMBL5286499,Sin nombre comercial,14940.0,4.83,2022,C=CCc1cc(-c2ccc(O)c(CC=C)c2)c(O)c(C(c2cc(Cl)cc(Cl)c2)N2CCC(C)CC2)c1,Inhibition of alpha-glucosidase (unknown origin) using pNPG as substrate preincubated with enzyme for 15 mins followed by substrate addition and measured after 10 mins by microplate reader analysis,Baja
CHEMBL5273816,Sin nombre comercial,13780.0,4.86,2022,C=CCc1cc(-c2ccc(O)c(CC=C)c2)c(O)c(C(c2cc(Cl)cc(Cl)c2)N2CCOCC2)c1,Inhibition of alpha-glucosidase (unknown origin) using pNPG as substrate preincubated with enzyme for 15 mins followed by substrate addition and measured after 10 mins by microplate reader analysis,Baja
CHEMBL5269617,Sin nombre comercial,18580.0,4.73,2022,C=CCc1cc(-c2cc(CC=C)c(O)c(C(c3ccc(Cl)cc3)N3CCOCC3)c2)c(O)c(C(c2ccc(Cl)cc2)N2CCOCC2)c1,Inhibition of alpha-glucosidase (unknown origin) using pNPG as substrate preincubated with enzyme for 15 mins followed by substrate addition and measured after 10 mins by microplate reader analysis,Baja
CHEMBL480722,Sin nombre comercial,1080.0,5.97,2018,CC(C)=CCC/C(C)=C/Cc1c(O)cc(O)c(C(=O)/C=C/c2ccc(O)cc2)c1O,Inhibition of alpha-glucosidase (unknown origin) using p-nitrophenyl-alpha-D-glucopyranoside as substrate incubated for 30 mins by spectrophotometric analysis,Media
CHEMBL4634355,Sin nombre comercial,0.25,,2018,O=c1cc(-c2cc(O)c(O)c(O)c2)c2ccc(O)c(O)c2o1,Inhibition of alpha-glucosidase (unknown origin) using PNPG as substrate incubated for 20 mins by microplate reader analysis,Baja
CHEMBL404271,ACARBOSE,39600.0,4.4,2018,C[C@H]1O[C@H](O[C@H]2[C@H](O)[C@@H](O)[C@@H](O[C@H]3[C@H](O)[C@@H](O)C(O)O[C@@H]3CO)O[C@@H]2CO)[C@H](O)[C@@H](O)[C@@H]1N[C@H]1C=C(CO)[C@@H](O)[C@H](O)[C@H]1O,Inhibition of alpha-glucosidase (unknown origin) using PNPG as substrate preincubated for 15 mins followed by substrate addition and measured after 30 mins by spectrophotometric assay,Baja
CHEMBL4856778,Sin nombre comercial,13000.0,4.89,2018,O=c1c2cc(O)c(O)cc2oc2cc(O)c([C@H]3O[C@@H](CO)[C@H](O)[C@@H](O)[C@@H]3O)c(O)c12,Inhibition of alpha-glucosidase (unknown origin) using PNPG as substrate preincubated for 15 mins followed by substrate addition and measured after 30 mins by spectrophotometric assay,Baja
CHEMBL3093492,Sin nombre comercial,65800.0,4.18,2018,COc1cc(O)c2c(=O)c3c(OC)c(OC)ccc3oc2c1OC,Inhibition of alpha-glucosidase (unknown origin) using PNPG as substrate preincubated for 15 mins followed by substrate addition and measured after 30 mins by spectrophotometric assay,Baja
CHEMBL5282121,Sin nombre comercial,71200.0,4.15,2018,COc1ccc2oc3cc(O)cc(O)c3c(=O)c2c1O,Inhibition of alpha-glucosidase (unknown origin) using PNPG as substrate preincubated for 15 mins followed by substrate addition and measured after 30 mins by spectrophotometric assay,Baja
CHEMBL3093478,Sin nombre comercial,31800.0,4.5,2018,COc1cc(O)c2c(=O)c3cc(O)ccc3oc2c1,Inhibition of alpha-glucosidase (unknown origin) using PNPG as substrate preincubated for 15 mins followed by substrate addition and measured after 30 mins by spectrophotometric assay,Baja
CHEMBL361025,Sin nombre comercial,31800.0,4.5,2018,O=c1c2cc(O)ccc2oc2cc(O)cc(O)c12,Inhibition of alpha-glucosidase (unknown origin) using PNPG as substrate preincubated for 15 mins followed by substrate addition and measured after 30 mins by spectrophotometric assay,Baja
CHEMBL5287329,Sin nombre comercial,18000.0,4.75,2018,COc1ccc2oc3cc(O)cc(O)c3c(=O)c2c1OC,Inhibition of alpha-glucosidase (unknown origin) using PNPG as substrate preincubated for 15 mins followed by substrate addition and measured after 30 mins by spectrophotometric assay,Baja
CHEMBL5280310,Sin nombre comercial,82200.0,4.08,2018,COc1cc(O)c2c(=O)c3c(O)ccc(O)c3oc2c1OC,Inhibition of alpha-glucosidase (unknown origin) using PNPG as substrate preincubated for 15 mins followed by substrate addition and measured after 30 mins by spectrophotometric assay,Baja
CHEMBL5276460,Sin nombre comercial,40100.0,4.4,2018,COc1cc(O)c2c(=O)c3c(OC)ccc(OC)c3oc2c1OC,Inhibition of alpha-glucosidase (unknown origin) using PNPG as substrate preincubated for 15 mins followed by substrate addition and measured after 30 mins by spectrophotometric assay,Baja
CHEMBL5290214,Sin nombre comercial,75800.0,4.12,2018,COc1cc(O)c2c(=O)c3c(OC)ccc(OC)c3oc2c1,Inhibition of alpha-glucosidase (unknown origin) using PNPG as substrate preincubated for 15 mins followed by substrate addition and measured after 30 mins by spectrophotometric assay,Baja
CHEMBL187043,Sin nombre comercial,7090.0,5.15,2018,O=c1c2c(O)cc(O)cc2oc2ccc(O)c(O)c12,Inhibition of alpha-glucosidase (unknown origin) using PNPG as substrate preincubated for 15 mins followed by substrate addition and measured after 30 mins by spectrophotometric assay,Media
CHEMBL5287286,Sin nombre comercial,84500.0,4.07,2018,COc1cc(O[C@H]2O[C@@H](CO)[C@H](O)[C@H](O)[C@@H]2O)c2c(=O)c3ccc(O)c(OC)c3oc2c1,Inhibition of alpha-glucosidase (unknown origin) using PNPG as substrate preincubated for 15 mins followed by substrate addition and measured after 30 mins by spectrophotometric assay,Baja
CHEMBL5289610,Sin nombre comercial,500000.0,,2018,COc1cc(O)c2c(=O)c3c(O)c(C4O[C@@H](O)[C@H](O)[C@H](O[C@@H]5O[C@@H](C)[C@@H](O)[C@@H](O)[C@@H]5O)[C@@H]4O[C@@H]4O[C@@H](C)[C@H](O)[C@@H](O)[C@H]4O)ccc3oc2c1,Inhibition of alpha-glucosidase (unknown origin) using PNPG as substrate preincubated for 15 mins followed by substrate addition and measured after 30 mins by spectrophotometric assay,Baja
CHEMBL5280602,Sin nombre comercial,133700.0,,2018,O=c1c2c(O[C@H]3O[C@@H](CO)[C@H](O)[C@H](O)[C@@H]3O)cc(O)cc2oc2ccc(O)c(O)c12,Inhibition of alpha-glucosidase (unknown origin) using PNPG as substrate preincubated for 15 mins followed by substrate addition and measured after 30 mins by spectrophotometric assay,Baja
CHEMBL5287620,Sin nombre comercial,394900.0,,2018,COc1cc(O)c2c(=O)c3c(O)c(O[C@H]4O[C@@H](CO)[C@H](O)[C@H](O)[C@@H]4O)ccc3oc2c1OC,Inhibition of alpha-glucosidase (unknown origin) using PNPG as substrate preincubated for 15 mins followed by substrate addition and measured after 30 mins by spectrophotometric assay,Baja
CHEMBL5266980,Sin nombre comercial,115000.0,,2018,COc1cc(O)c2c(=O)c3c(O)c(O[C@H]4O[C@@H](CO)[C@H](O)[C@H](O)[C@@H]4O)ccc3oc2c1,Inhibition of alpha-glucosidase (unknown origin) using PNPG as substrate preincubated for 15 mins followed by substrate addition and measured after 30 mins by spectrophotometric assay,Baja
CHEMBL5279492,Sin nombre comercial,83800.0,4.08,2018,COc1cc(O[C@H]2O[C@@H](CO)[C@H](O)[C@H](O)[C@@H]2O)c2c(=O)c3c(OC)c(OC)ccc3oc2c1,Inhibition of alpha-glucosidase (unknown origin) using PNPG as substrate preincubated for 15 mins followed by substrate addition and measured after 30 mins by spectrophotometric assay,Baja
CHEMBL5270478,Sin nombre comercial,500000.0,,2018,COc1cc(O)c2c(=O)c3c(OC)cc(O)cc3oc2c1OC,Inhibition of alpha-glucosidase (unknown origin) using PNPG as substrate preincubated for 15 mins followed by substrate addition and measured after 30 mins by spectrophotometric assay,Baja
CHEMBL467590,GETIACAULEIN,500000.0,,2018,COc1cc(O)c2c(=O)c3c(OC)c(O)ccc3oc2c1,Inhibition of alpha-glucosidase (unknown origin) using PNPG as substrate preincubated for 15 mins followed by substrate addition and measured after 30 mins by spectrophotometric assay,Baja
CHEMBL1709767,Sin nombre comercial,5420.0,5.27,2018,COc1cc(O)c2c(=O)c3c(O)c(O)ccc3oc2c1OC,Inhibition of alpha-glucosidase (unknown origin) using PNPG as substrate preincubated for 15 mins followed by substrate addition and measured after 30 mins by spectrophotometric assay,Media
CHEMBL3704820,Sin nombre comercial,107800.0,,2018,COc1cc(O)c2c(=O)c3c(O)c(OC)ccc3oc2c1,Inhibition of alpha-glucosidase (unknown origin) using PNPG as substrate preincubated for 15 mins followed by substrate addition and measured after 30 mins by spectrophotometric assay,Baja
CHEMBL26323,DECUSSATIN,142100.0,,2018,COc1cc(O)c2c(=O)c3c(OC)c(OC)ccc3oc2c1,Inhibition of alpha-glucosidase (unknown origin) using PNPG as substrate preincubated for 15 mins followed by substrate addition and measured after 30 mins by spectrophotometric assay,Baja
CHEMBL187044,GENTIAKOCHIANIN,30600.0,4.51,2018,COc1cc(O)c2c(=O)c3c(O)c(O)ccc3oc2c1,Inhibition of alpha-glucosidase (unknown origin) using PNPG as substrate preincubated for 15 mins followed by substrate addition and measured after 30 mins by spectrophotometric assay,Baja
CHEMBL184574,DEMETHYLBELLIDIFOLIN,5300.0,5.28,2018,O=c1c2c(O)cc(O)cc2oc2c(O)ccc(O)c12,Inhibition of alpha-glucosidase (unknown origin) using PNPG as substrate preincubated for 15 mins followed by substrate addition and measured after 30 mins by spectrophotometric assay,Media
CHEMBL3093493,Sin nombre comercial,77400.0,4.11,2018,COc1cc(O)c2c(=O)c3c(OC)c(O)ccc3oc2c1OC,Inhibition of alpha-glucosidase (unknown origin) using PNPG as substrate preincubated for 15 mins followed by substrate addition and measured after 30 mins by spectrophotometric assay,Baja
CHEMBL2409395,Sin nombre comercial,75800.0,4.12,2018,COc1cc(O)c2c(=O)c3c(O)c(O[C@@H]4O[C@H](CO)[C@@H](O)[C@H](O)[C@H]4O[C@@H]4O[C@@H](C)[C@H](O)[C@@H](O)[C@H]4O)ccc3oc2c1,Inhibition of alpha-glucosidase (unknown origin) using PNPG as substrate preincubated for 15 mins followed by substrate addition and measured after 30 mins by spectrophotometric assay,Baja
CHEMBL512072,NORSWERTIANOLIN,500000.0,,2018,O=c1c2c(O)cc(O)cc2oc2c(O)ccc(O[C@@H]3O[C@H](CO)[C@@H](O)[C@H](O)[C@H]3O)c12,Inhibition of alpha-glucosidase (unknown origin) using PNPG as substrate preincubated for 15 mins followed by substrate addition and measured after 30 mins by spectrophotometric assay,Baja
CHEMBL5271324,Sin nombre comercial,31100.0,4.51,2018,COc1cc(O)c2c(=O)c3c(O)c(O[C@@H]4OC[C@@H](O)[C@H](O)[C@H]4O[C@@H]4O[C@@H](C)[C@H](O)[C@@H](O)[C@H]4O)ccc3oc2c1,Inhibition of alpha-glucosidase (unknown origin) using PNPG as substrate preincubated for 15 mins followed by substrate addition and measured after 30 mins by spectrophotometric assay,Baja
CHEMBL5267559,Sin nombre comercial,140400.0,,2018,O=c1c2c(O)c(O)ccc2oc2cc(O)c(O[C@@H]3O[C@H](CO)[C@@H](O)[C@H](O)[C@H]3O)c(O)c12,Inhibition of alpha-glucosidase (unknown origin) using PNPG as substrate preincubated for 15 mins followed by substrate addition and measured after 30 mins by spectrophotometric assay,Baja
CHEMBL404271,ACARBOSE,39800.0,4.4,2018,C[C@H]1O[C@H](O[C@H]2[C@H](O)[C@@H](O)[C@@H](O[C@H]3[C@H](O)[C@@H](O)C(O)O[C@@H]3CO)O[C@@H]2CO)[C@H](O)[C@@H](O)[C@@H]1N[C@H]1C=C(CO)[C@@H](O)[C@H](O)[C@H]1O,Inhibition of alpha-glucosidase (unknown origin) using PNPG as substrate preincubated for 15 mins followed by substrate addition by spectrophotometric assay,Baja
CHEMBL4856778,Sin nombre comercial,13300.0,4.88,2018,O=c1c2cc(O)c(O)cc2oc2cc(O)c([C@H]3O[C@@H](CO)[C@H](O)[C@@H](O)[C@@H]3O)c(O)c12,Inhibition of alpha-glucosidase (unknown origin) using PNPG as substrate preincubated for 15 mins followed by substrate addition by spectrophotometric assay,Baja
CHEMBL5282121,Sin nombre comercial,71600.0,4.14,2018,COc1ccc2oc3cc(O)cc(O)c3c(=O)c2c1O,Inhibition of alpha-glucosidase (unknown origin) using PNPG as substrate preincubated for 15 mins followed by substrate addition by spectrophotometric assay,Baja
CHEMBL5287329,Sin nombre comercial,18300.0,4.74,2018,COc1ccc2oc3cc(O)cc(O)c3c(=O)c2c1OC,Inhibition of alpha-glucosidase (unknown origin) using PNPG as substrate preincubated for 15 mins followed by substrate addition by spectrophotometric assay,Baja
CHEMBL187043,Sin nombre comercial,7300.0,5.14,2018,O=c1c2c(O)cc(O)cc2oc2ccc(O)c(O)c12,Inhibition of alpha-glucosidase (unknown origin) using PNPG as substrate preincubated for 15 mins followed by substrate addition by spectrophotometric assay,Media
CHEMBL5287286,Sin nombre comercial,87600.0,4.06,2018,COc1cc(O[C@H]2O[C@@H](CO)[C@H](O)[C@H](O)[C@@H]2O)c2c(=O)c3ccc(O)c(OC)c3oc2c1,Inhibition of alpha-glucosidase (unknown origin) using PNPG as substrate preincubated for 15 mins followed by substrate addition by spectrophotometric assay,Baja
CHEMBL5287620,Sin nombre comercial,134500.0,,2018,COc1cc(O)c2c(=O)c3c(O)c(O[C@H]4O[C@@H](CO)[C@H](O)[C@H](O)[C@@H]4O)ccc3oc2c1OC,Inhibition of alpha-glucosidase (unknown origin) using PNPG as substrate preincubated for 15 mins followed by substrate addition by spectrophotometric assay,Baja
CHEMBL5266980,Sin nombre comercial,395000.0,,2018,COc1cc(O)c2c(=O)c3c(O)c(O[C@H]4O[C@@H](CO)[C@H](O)[C@H](O)[C@@H]4O)ccc3oc2c1,Inhibition of alpha-glucosidase (unknown origin) using PNPG as substrate preincubated for 15 mins followed by substrate addition by spectrophotometric assay,Baja
CHEMBL5290427,Sin nombre comercial,114800.0,,2018,COc1cc(O)c2c(=O)c3cc(O[C@H]4O[C@@H](CO)[C@H](O)[C@H](O)[C@@H]4O)ccc3oc2c1OC,Inhibition of alpha-glucosidase (unknown origin) using PNPG as substrate preincubated for 15 mins followed by substrate addition by spectrophotometric assay,Baja
CHEMBL5270478,Sin nombre comercial,20200.0,4.7,2018,COc1cc(O)c2c(=O)c3c(OC)cc(O)cc3oc2c1OC,Inhibition of alpha-glucosidase (unknown origin) using PNPG as substrate preincubated for 15 mins followed by substrate addition by spectrophotometric assay,Baja
CHEMBL3704820,Sin nombre comercial,108200.0,,2018,COc1cc(O)c2c(=O)c3c(O)c(OC)ccc3oc2c1,Inhibition of alpha-glucosidase (unknown origin) using PNPG as substrate preincubated for 15 mins followed by substrate addition by spectrophotometric assay,Baja
CHEMBL26323,DECUSSATIN,142200.0,,2018,COc1cc(O)c2c(=O)c3c(OC)c(OC)ccc3oc2c1,Inhibition of alpha-glucosidase (unknown origin) using PNPG as substrate preincubated for 15 mins followed by substrate addition by spectrophotometric assay,Baja
CHEMBL184574,DEMETHYLBELLIDIFOLIN,5200.0,5.28,2018,O=c1c2c(O)cc(O)cc2oc2c(O)ccc(O)c12,Inhibition of alpha-glucosidase (unknown origin) using PNPG as substrate preincubated for 15 mins followed by substrate addition by spectrophotometric assay,Media
CHEMBL5271324,Sin nombre comercial,31600.0,4.5,2018,COc1cc(O)c2c(=O)c3c(O)c(O[C@@H]4OC[C@@H](O)[C@H](O)[C@H]4O[C@@H]4O[C@@H](C)[C@H](O)[C@@H](O)[C@H]4O)ccc3oc2c1,Inhibition of alpha-glucosidase (unknown origin) using PNPG as substrate preincubated for 15 mins followed by substrate addition by spectrophotometric assay,Baja
CHEMBL219553,GIGANTOL,103100.0,,2020,COc1cc(O)cc(CCc2ccc(O)c(OC)c2)c1,Inhibition of alpha-glucosidase (unknown origin),Baja
CHEMBL450788,BATATASIN III,148800.0,,2020,COc1cc(O)cc(CCc2cccc(O)c2)c1,Inhibition of alpha-glucosidase (unknown origin),Baja
CHEMBL5282250,Sin nombre comercial,199500.0,,2020,COc1ccc(CCc2cc(O)c(O)c(OC)c2)cc1,Inhibition of alpha-glucosidase (unknown origin) by HPLC analysis,Baja
CHEMBL5281130,Sin nombre comercial,9460000.0,,2020,COc1cc([C@@H]2Oc3cc(CCc4ccc(O)cc4)cc(OC)c3O[C@H]2CO)cc(OC)c1O,Inhibition of alpha-glucosidase (unknown origin) by HPLC analysis,Baja
CHEMBL5266364,Sin nombre comercial,213900.0,,2020,COc1cc(CCc2cccc(O)c2)cc(O)c1O,Inhibition of alpha-glucosidase (unknown origin) by HPLC analysis,Baja
CHEMBL404271,ACARBOSE,763500.0,,2020,C[C@H]1O[C@H](O[C@H]2[C@H](O)[C@@H](O)[C@@H](O[C@H]3[C@H](O)[C@@H](O)C(O)O[C@@H]3CO)O[C@@H]2CO)[C@H](O)[C@@H](O)[C@@H]1N[C@H]1C=C(CO)[C@@H](O)[C@H](O)[C@H]1O,Inhibition of alpha-glucosidase (unknown origin) by HPLC analysis,Baja
CHEMBL404271,ACARBOSE,750000.0,,2023,C[C@H]1O[C@H](O[C@H]2[C@H](O)[C@@H](O)[C@@H](O[C@H]3[C@H](O)[C@@H](O)C(O)O[C@@H]3CO)O[C@@H]2CO)[C@H](O)[C@@H](O)[C@@H]1N[C@H]1C=C(CO)[C@@H](O)[C@H](O)[C@H]1O,Inhibition of alpha-glucosidase (unknown origin) using p-nitrophenyl glucopyranoside as substrate preincubated for 10 mins followed by substrate addition and measured after 20 mins by spectrophotometer assay,Baja
CHEMBL5271893,Sin nombre comercial,5400.0,5.27,2023,COc1cc(C2Nc3ccccc3C(=O)N2Nc2ccccc2)ccc1OCc1cn(CC(=O)NCc2ccc(C)cc2)nn1,Inhibition of alpha-glucosidase (unknown origin) using p-nitrophenyl glucopyranoside as substrate preincubated for 10 mins followed by substrate addition and measured after 20 mins by spectrophotometer assay,Media
CHEMBL5277262,Sin nombre comercial,11600.0,4.94,2023,COc1cc(C2Nc3ccccc3C(=O)N2Nc2ccccc2)ccc1OCc1cn(CC(=O)NCc2ccccc2)nn1,Inhibition of alpha-glucosidase (unknown origin) using p-nitrophenyl glucopyranoside as substrate preincubated for 10 mins followed by substrate addition and measured after 20 mins by spectrophotometer assay,Baja
CHEMBL5281806,Sin nombre comercial,6000.0,5.22,2023,COc1cc(C2Nc3ccccc3C(=O)N2Nc2ccccc2)ccc1OCc1cn(CC(=O)Nc2ccc([N+](=O)[O-])cc2)nn1,Inhibition of alpha-glucosidase (unknown origin) using p-nitrophenyl glucopyranoside as substrate preincubated for 10 mins followed by substrate addition and measured after 20 mins by spectrophotometer assay,Media
CHEMBL5266791,Sin nombre comercial,140200.0,,2023,COc1cc(C2Nc3ccccc3C(=O)N2Nc2ccccc2)ccc1OCc1cn(CC(=O)Nc2ccc(Br)cc2)nn1,Inhibition of alpha-glucosidase (unknown origin) using p-nitrophenyl glucopyranoside as substrate preincubated for 10 mins followed by substrate addition and measured after 20 mins by spectrophotometer assay,Baja
CHEMBL5282594,Sin nombre comercial,6700.0,5.17,2023,COc1cc(C2Nc3ccccc3C(=O)N2Nc2ccccc2)ccc1OCc1cn(CC(=O)Nc2ccc(Cl)cc2)nn1,Inhibition of alpha-glucosidase (unknown origin) using p-nitrophenyl glucopyranoside as substrate preincubated for 10 mins followed by substrate addition and measured after 20 mins by spectrophotometer assay,Media
CHEMBL5268812,Sin nombre comercial,5000.0,5.3,2023,COc1ccc(NC(=O)Cn2cc(COc3ccc(C4Nc5ccccc5C(=O)N4Nc4ccccc4)cc3OC)nn2)cc1,Inhibition of alpha-glucosidase (unknown origin) using p-nitrophenyl glucopyranoside as substrate preincubated for 10 mins followed by substrate addition and measured after 20 mins by spectrophotometer assay,Media
CHEMBL5277625,Sin nombre comercial,7200.0,5.14,2023,CCc1ccc(NC(=O)Cn2cc(COc3ccc(C4Nc5ccccc5C(=O)N4Nc4ccccc4)cc3OC)nn2)cc1,Inhibition of alpha-glucosidase (unknown origin) using p-nitrophenyl glucopyranoside as substrate preincubated for 10 mins followed by substrate addition and measured after 20 mins by spectrophotometer assay,Media
CHEMBL5287920,Sin nombre comercial,10600.0,4.97,2023,COc1cc(C2Nc3ccccc3C(=O)N2Nc2ccccc2)ccc1OCc1cn(CC(=O)Nc2ccc(C)cc2C)nn1,Inhibition of alpha-glucosidase (unknown origin) using p-nitrophenyl glucopyranoside as substrate preincubated for 10 mins followed by substrate addition and measured after 20 mins by spectrophotometer assay,Baja
CHEMBL5287798,Sin nombre comercial,13000.0,4.89,2023,COc1cc(C2Nc3ccccc3C(=O)N2Nc2ccccc2)ccc1OCc1cn(CC(=O)Nc2ccc(C)cc2)nn1,Inhibition of alpha-glucosidase (unknown origin) using p-nitrophenyl glucopyranoside as substrate preincubated for 10 mins followed by substrate addition and measured after 20 mins by spectrophotometer assay,Baja
CHEMBL5275387,Sin nombre comercial,11700.0,4.93,2023,COc1cc(C2Nc3ccccc3C(=O)N2Nc2ccccc2)ccc1OCc1cn(CC(=O)Nc2ccccc2)nn1,Inhibition of alpha-glucosidase (unknown origin) using p-nitrophenyl glucopyranoside as substrate preincubated for 10 mins followed by substrate addition and measured after 20 mins by spectrophotometer assay,Baja
CHEMBL5268702,Sin nombre comercial,8300.0,5.08,2023,Cc1ccc(CNC(=O)Cn2cc(COc3ccc(C4Nc5ccccc5C(=O)N4Nc4ccccc4)cc3)nn2)cc1,Inhibition of alpha-glucosidase (unknown origin) using p-nitrophenyl glucopyranoside as substrate preincubated for 10 mins followed by substrate addition and measured after 20 mins by spectrophotometer assay,Media
CHEMBL5286942,Sin nombre comercial,12000.0,4.92,2023,O=C(Cn1cc(COc2ccc(C3Nc4ccccc4C(=O)N3Nc3ccccc3)cc2)nn1)NCc1ccccc1,Inhibition of alpha-glucosidase (unknown origin) using p-nitrophenyl glucopyranoside as substrate preincubated for 10 mins followed by substrate addition and measured after 20 mins by spectrophotometer assay,Baja
CHEMBL5279383,Sin nombre comercial,12000.0,4.92,2023,O=C(Cn1cc(COc2ccc(C3Nc4ccccc4C(=O)N3Nc3ccccc3)cc2)nn1)Nc1ccc([N+](=O)[O-])cc1,Inhibition of alpha-glucosidase (unknown origin) using p-nitrophenyl glucopyranoside as substrate preincubated for 10 mins followed by substrate addition and measured after 20 mins by spectrophotometer assay,Baja
CHEMBL5283167,Sin nombre comercial,8000.0,5.1,2023,O=C(Cn1cc(COc2ccc(C3Nc4ccccc4C(=O)N3Nc3ccccc3)cc2)nn1)Nc1ccc(Br)cc1,Inhibition of alpha-glucosidase (unknown origin) using p-nitrophenyl glucopyranoside as substrate preincubated for 10 mins followed by substrate addition and measured after 20 mins by spectrophotometer assay,Media
CHEMBL5280846,Sin nombre comercial,15300.0,4.82,2023,O=C(Cn1cc(COc2ccc(C3Nc4ccccc4C(=O)N3Nc3ccccc3)cc2)nn1)Nc1ccc(Cl)cc1,Inhibition of alpha-glucosidase (unknown origin) using p-nitrophenyl glucopyranoside as substrate preincubated for 10 mins followed by substrate addition and measured after 20 mins by spectrophotometer assay,Baja
CHEMBL5277603,Sin nombre comercial,42600.0,4.37,2023,COc1ccc(NC(=O)Cn2cc(COc3ccc(C4Nc5ccccc5C(=O)N4Nc4ccccc4)cc3)nn2)cc1,Inhibition of alpha-glucosidase (unknown origin) using p-nitrophenyl glucopyranoside as substrate preincubated for 10 mins followed by substrate addition and measured after 20 mins by spectrophotometer assay,Baja
CHEMBL5287039,Sin nombre comercial,14700.0,4.83,2023,CCc1ccc(NC(=O)Cn2cc(COc3ccc(C4Nc5ccccc5C(=O)N4Nc4ccccc4)cc3)nn2)cc1,Inhibition of alpha-glucosidase (unknown origin) using p-nitrophenyl glucopyranoside as substrate preincubated for 10 mins followed by substrate addition and measured after 20 mins by spectrophotometer assay,Baja
CHEMBL5279273,Sin nombre comercial,4800.0,5.32,2023,Cc1ccc(NC(=O)Cn2cc(COc3ccc(C4Nc5ccccc5C(=O)N4Nc4ccccc4)cc3)nn2)c(C)c1,Inhibition of alpha-glucosidase (unknown origin) using p-nitrophenyl glucopyranoside as substrate preincubated for 10 mins followed by substrate addition and measured after 20 mins by spectrophotometer assay,Media
CHEMBL5271794,Sin nombre comercial,95600.0,4.02,2023,Cc1ccc(NC(=O)Cn2cc(COc3ccc(C4Nc5ccccc5C(=O)N4Nc4ccccc4)cc3)nn2)cc1,Inhibition of alpha-glucosidase (unknown origin) using p-nitrophenyl glucopyranoside as substrate preincubated for 10 mins followed by substrate addition and measured after 20 mins by spectrophotometer assay,Baja
CHEMBL5278958,Sin nombre comercial,16600.0,4.78,2023,O=C(Cn1cc(COc2ccc(C3Nc4ccccc4C(=O)N3Nc3ccccc3)cc2)nn1)Nc1ccccc1,Inhibition of alpha-glucosidase (unknown origin) using p-nitrophenyl glucopyranoside as substrate preincubated for 10 mins followed by substrate addition and measured after 20 mins by spectrophotometer assay,Baja
CHEMBL5270724,Sin nombre comercial,6310.0,5.2,2023,COc1ccc(-c2ncc(NC(=O)Cn3cc(COc4ccc(-c5nc6ccccc6[nH]5)cc4)nn3)s2)cc1,Inhibition of alpha-glucosidase (unknown origin) using p-nitrophenyl glucopyranoside as substrate preincubated for 10 mins followed by substrate addition and measured after 20 mins by spectrophotometer assay,Media
CHEMBL5277400,Sin nombre comercial,25200.0,4.6,2023,CCc1ccc(NC(=O)Cn2cc(COc3ccc(-c4nc5ccccc5[nH]4)cc3)nn2)cc1,Inhibition of alpha-glucosidase (unknown origin) using p-nitrophenyl glucopyranoside as substrate preincubated for 10 mins followed by substrate addition and measured after 20 mins by spectrophotometer assay,Baja
CHEMBL404271,ACARBOSE,26100.0,4.58,2023,C[C@H]1O[C@H](O[C@H]2[C@H](O)[C@@H](O)[C@@H](O[C@H]3[C@H](O)[C@@H](O)C(O)O[C@@H]3CO)O[C@@H]2CO)[C@H](O)[C@@H](O)[C@@H]1N[C@H]1C=C(CO)[C@@H](O)[C@H](O)[C@H]1O,Inhibition of alpha-glucosidase (unknown origin),Baja
CHEMBL4128298,Sin nombre comercial,7300.0,5.14,2023,O=C(Cn1c(Cc2ccc(Br)cc2)nc2ccccc2c1=O)NNC(=O)c1cc2ccccc2oc1=O,Inhibition of alpha-glucosidase (unknown origin),Media
CHEMBL30707,COUMESTROL,6000.0,5.22,2017,O=c1oc2cc(O)ccc2c2oc3cc(O)ccc3c12,Inhibition of Alpha-glucosidase (unknown origin),Media
CHEMBL5279690,Sin nombre comercial,128100.0,,2017,COc1ccc2c(c1)OC[C@H]1c3ccc(OC)c(O)c3O[C@@H]21,Inhibition of Alpha-glucosidase (unknown origin),Baja
CHEMBL5269655,Sin nombre comercial,174200.0,,2017,COc1ccc2c(c1OC)O[C@H]1c3ccc(O)cc3OC[C@@H]21,Inhibition of Alpha-glucosidase (unknown origin),Baja
CHEMBL5290636,Sin nombre comercial,6000.0,5.22,2017,CC1(C)C=Cc2c(ccc3c2OC2c4ccc(O)cc4OCC32)O1,Inhibition of human Alpha-glucosidase,Media
CHEMBL3264731,Sin nombre comercial,27070.0,4.57,2017,O=c1oc2ccc(Cl)cc2c(O)c1C(c1cccc([N+](=O)[O-])c1)c1c(O)c2cc(Cl)ccc2oc1=O,Inhibition of alpha-glucosidase (unknown origin),Baja
CHEMBL3264730,Sin nombre comercial,16540.0,4.78,2017,O=c1oc2ccc(Cl)cc2c(O)c1C(c1ccc(Cl)cc1Cl)c1c(O)c2cc(Cl)ccc2oc1=O,Inhibition of alpha-glucosidase (unknown origin),Baja
CHEMBL404271,ACARBOSE,906000.0,,2017,C[C@H]1O[C@H](O[C@H]2[C@H](O)[C@@H](O)[C@@H](O[C@H]3[C@H](O)[C@@H](O)C(O)O[C@@H]3CO)O[C@@H]2CO)[C@H](O)[C@@H](O)[C@@H]1N[C@H]1C=C(CO)[C@@H](O)[C@H](O)[C@H]1O,Inhibition of alpha-glucosidase (unknown origin),Baja
CHEMBL3264720,Sin nombre comercial,385990.0,,2017,COc1cc(C(c2c(O)c3cc(C)ccc3oc2=O)c2c(O)c3cc(C)ccc3oc2=O)cc(OC)c1OC,Inhibition of alpha-glucosidase (unknown origin),Baja
CHEMBL3264733,Sin nombre comercial,221060.0,,2017,CCOc1cc(C(c2c(O)c3cc(C)ccc3oc2=O)c2c(O)c3cc(C)ccc3oc2=O)ccc1O,Inhibition of alpha-glucosidase (unknown origin),Baja
CHEMBL3264735,Sin nombre comercial,106630.0,,2017,COc1ccc(C(c2c(O)c3cc(C)ccc3oc2=O)c2c(O)c3cc(C)ccc3oc2=O)cc1,Inhibition of alpha-glucosidase (unknown origin),Baja
CHEMBL3264726,Sin nombre comercial,113050.0,,2017,COc1ccc(C(c2c(O)c3cc(Cl)ccc3oc2=O)c2c(O)c3cc(Cl)ccc3oc2=O)cc1O,Inhibition of alpha-glucosidase (unknown origin),Baja
CHEMBL3264725,Sin nombre comercial,84060.0,4.08,2017,O=c1oc2ccc(Cl)cc2c(O)c1C(c1cccc(O)c1)c1c(O)c2cc(Cl)ccc2oc1=O,Inhibition of alpha-glucosidase (unknown origin),Baja
CHEMBL3264724,Sin nombre comercial,83640.0,4.08,2017,COc1cc(C(c2c(O)c3cc(Cl)ccc3oc2=O)c2c(O)c3cc(Cl)ccc3oc2=O)ccc1O,Inhibition of alpha-glucosidase (unknown origin),Baja
CHEMBL3264727,Sin nombre comercial,57140.0,4.24,2017,CCOc1cc(C(c2c(O)c3cc(Cl)ccc3oc2=O)c2c(O)c3cc(Cl)ccc3oc2=O)ccc1O,Inhibition of alpha-glucosidase (unknown origin),Baja
CHEMBL3264728,Sin nombre comercial,128140.0,,2017,COc1cc(C(c2c(O)c3cc(Cl)ccc3oc2=O)c2c(O)c3cc(Cl)ccc3oc2=O)cc(OC)c1OC,Inhibition of alpha-glucosidase (unknown origin),Baja
CHEMBL3264729,Sin nombre comercial,91360.0,4.04,2017,COc1ccc(C(c2c(O)c3cc(Cl)ccc3oc2=O)c2c(O)c3cc(Cl)ccc3oc2=O)cc1OC,Inhibition of alpha-glucosidase (unknown origin),Baja
CHEMBL5559448,Sin nombre comercial,691.0,6.16,2024,NS(=O)(=O)c1ccc(/N=C2\NC(=O)/C(=C\c3ccccc3)S2)cc1,Inhibition of alpha-glucosidase (unknown origin) using p-NPG as substrate preincubated with compound followed by substrate addition by absorbance based analysis,Media
CHEMBL5512544,Sin nombre comercial,475.0,6.32,2024,COc1ccc(/C=C2/S/C(=N/c3ccc(S(N)(=O)=O)cc3)NC2=O)cc1,Inhibition of alpha-glucosidase (unknown origin) using p-NPG as substrate preincubated with compound followed by substrate addition by absorbance based analysis,Media
CHEMBL5532288,Sin nombre comercial,1646.0,5.78,2024,NS(=O)(=O)c1ccc(/N=C2\NC(=O)/C(=C\c3ccc(Cl)cc3)S2)cc1,Inhibition of alpha-glucosidase (unknown origin) using p-NPG as substrate preincubated with compound followed by substrate addition by absorbance based analysis,Media
CHEMBL5555209,Sin nombre comercial,440.0,6.36,2024,NS(=O)(=O)c1ccc(/N=C2\NC(=O)/C(=C\c3ccc(F)cc3)S2)cc1,Inhibition of alpha-glucosidase (unknown origin) using p-NPG as substrate preincubated with compound followed by substrate addition by absorbance based analysis,Media
CHEMBL5556832,Sin nombre comercial,346.0,6.46,2024,CN1C(=O)/C(=C\c2ccccc2)S/C1=N/c1ccc(S(N)(=O)=O)cc1,Inhibition of alpha-glucosidase (unknown origin) using p-NPG as substrate preincubated with compound followed by substrate addition by absorbance based analysis,Media
CHEMBL5517809,Sin nombre comercial,3346.0,5.47,2024,COc1ccc(/C=C2/S/C(=N/c3ccc(S(N)(=O)=O)cc3)N(C)C2=O)cc1,Inhibition of alpha-glucosidase (unknown origin) using p-NPG as substrate preincubated with compound followed by substrate addition by absorbance based analysis,Media
CHEMBL5555959,Sin nombre comercial,1387.0,5.86,2024,CN1C(=O)/C(=C\c2ccc(Cl)cc2)S/C1=N/c1ccc(S(N)(=O)=O)cc1,Inhibition of alpha-glucosidase (unknown origin) using p-NPG as substrate preincubated with compound followed by substrate addition by absorbance based analysis,Media
CHEMBL5558583,Sin nombre comercial,860.0,6.07,2024,CN1C(=O)/C(=C\c2ccc(F)cc2)S/C1=N/c1ccc(S(N)(=O)=O)cc1,Inhibition of alpha-glucosidase (unknown origin) using p-NPG as substrate preincubated with compound followed by substrate addition by absorbance based analysis,Media
CHEMBL5549876,Sin nombre comercial,2025.0,5.69,2024,CCN1C(=O)/C(=C\c2ccccc2)S/C1=N/c1ccc(S(N)(=O)=O)cc1,Inhibition of alpha-glucosidase (unknown origin) using p-NPG as substrate preincubated with compound followed by substrate addition by absorbance based analysis,Media
CHEMBL5527910,Sin nombre comercial,1085.0,5.96,2024,CCN1C(=O)/C(=C\c2ccc(OC)cc2)S/C1=N/c1ccc(S(N)(=O)=O)cc1,Inhibition of alpha-glucosidase (unknown origin) using p-NPG as substrate preincubated with compound followed by substrate addition by absorbance based analysis,Media
CHEMBL5505787,Sin nombre comercial,447.0,6.35,2024,CCN1C(=O)/C(=C\c2ccc(Cl)cc2)S/C1=N/c1ccc(S(N)(=O)=O)cc1,Inhibition of alpha-glucosidase (unknown origin) using p-NPG as substrate preincubated with compound followed by substrate addition by absorbance based analysis,Media
CHEMBL5556926,Sin nombre comercial,1276.0,5.89,2024,CCN1C(=O)/C(=C\c2ccc(F)cc2)S/C1=N/c1ccc(S(N)(=O)=O)cc1,Inhibition of alpha-glucosidase (unknown origin) using p-NPG as substrate preincubated with compound followed by substrate addition by absorbance based analysis,Media
CHEMBL5523415,Sin nombre comercial,1833.0,5.74,2024,NS(=O)(=O)c1ccc(/N=C2\NC(=O)/C(=C3\C(=O)Nc4ccccc43)S2)cc1,Inhibition of alpha-glucosidase (unknown origin) using p-NPG as substrate preincubated with compound followed by substrate addition by absorbance based analysis,Media
CHEMBL5555863,Sin nombre comercial,599.0,6.22,2024,CN1C(=O)/C(=C2\C(=O)Nc3ccccc32)S/C1=N/c1ccc(S(N)(=O)=O)cc1,Inhibition of alpha-glucosidase (unknown origin) using p-NPG as substrate preincubated with compound followed by substrate addition by absorbance based analysis,Media
CHEMBL5555903,Sin nombre comercial,978.0,6.01,2024,CCN1C(=O)/C(=C2\C(=O)Nc3ccccc32)S/C1=N/c1ccc(S(N)(=O)=O)cc1,Inhibition of alpha-glucosidase (unknown origin) using p-NPG as substrate preincubated with compound followed by substrate addition by absorbance based analysis,Media
CHEMBL404271,ACARBOSE,421.0,6.38,2024,C[C@H]1O[C@H](O[C@H]2[C@H](O)[C@@H](O)[C@@H](O[C@H]3[C@H](O)[C@@H](O)C(O)O[C@@H]3CO)O[C@@H]2CO)[C@H](O)[C@@H](O)[C@@H]1N[C@H]1C=C(CO)[C@@H](O)[C@H](O)[C@H]1O,Inhibition of alpha-glucosidase (unknown origin) using p-NPG as substrate preincubated with compound followed by substrate addition by absorbance based analysis,Media
CHEMBL5558505,Sin nombre comercial,420.0,6.38,2024,Cc1ccc(S(=O)(=O)Oc2ccc(/C=N/N=C3/NC(=O)CS3)cc2)cc1,Inhibition of alpha-glucosidase (unknown origin),Media
CHEMBL5557090,Sin nombre comercial,3200.0,5.5,2024,O=C1N/C(=N\c2nccs2)S/C1=C\c1cc(C(F)(F)F)c2scnc2c1O,Inhibition of alpha-glucosidase (unknown origin),Media
CHEMBL5556230,Sin nombre comercial,9800.0,5.01,2024,Cc1ccc(N2C(=O)CS/C2=N\N=C(\CSc2nc3ccccc3[nH]2)c2ccc(Cl)cc2)cc1,Inhibition of alpha-glucosidase (unknown origin),Media
CHEMBL5517665,Sin nombre comercial,5900.0,5.23,2024,O=C1CSC(c2ccc([N+](=O)[O-])cc2)N1Cc1ccc2c(c1)OCO2,Inhibition of alpha-glucosidase (unknown origin),Media
CHEMBL2315734,Sin nombre comercial,2400.0,5.62,2024,O=C1N/C(=N\c2nccs2)S/C1=C\c1ccc(F)cc1,Inhibition of alpha-glucosidase (unknown origin),Media
CHEMBL5395316,Sin nombre comercial,48650.0,4.31,2024,COc1ccc(-c2[nH]c3c(c2CC#N)c(=O)oc2ccccc23)cc1,Inhibition of alpha-glucosidase (unknown origin) using p-nitrophenyl-alpha-D-glucopyranoside as substrate,Baja
CHEMBL5560020,Sin nombre comercial,16430.0,4.78,2024,O=C1Nc2ccccc2/C1=N/N=C/c1ccc(OCc2cn(Cc3ccccc3F)nn2)cc1,Inhibition of alpha-glucosidase (unknown origin) using p-nitrophenyl-alpha-D-glucopyranoside as substrate,Baja
CHEMBL5555649,Sin nombre comercial,20.0,7.7,2024,O=C(N/N=C/c1ccccc1)c1ccc(OCc2cn(Cc3ccccc3)nn2)cc1,Inhibition of alpha-glucosidase (unknown origin) using p-nitrophenyl-alpha-D-glucopyranoside as substrate,Muy Alta
CHEMBL5430942,Sin nombre comercial,6310.0,5.2,2024,COc1cc(-c2nc3ccccc3[nH]2)ccc1OCc1cn(CC(=O)Nc2cnc(-c3ccccc3)s2)nn1,Inhibition of alpha-glucosidase (unknown origin) using p-nitrophenyl-alpha-D-glucopyranoside as substrate preincubated for 10 mins followed by substrate addition and measured after 20 mins by spectrophotometer,Media
CHEMBL389656,Sin nombre comercial,74320.0,4.13,2024,Oc1ccccc1-c1nc(-c2ccccc2)c(-c2ccccc2)[nH]1,Inhibition of alpha-glucosidase (unknown origin),Baja
CHEMBL14474,QUINOLINE,622400.0,,2024,c1ccc2ncccc2c1,Inhibition of alpha-glucosidase (unknown origin),Baja
CHEMBL1160559,QUINALDIC ACID,53600.0,4.27,2024,O=C(O)c1ccc2ccccc2n1,Inhibition of alpha-glucosidase (unknown origin),Baja
CHEMBL275098,Sin nombre comercial,63000.0,4.2,2024,O=C(O)c1cnc2ccccc2c1,Inhibition of alpha-glucosidase (unknown origin),Baja
CHEMBL5566368,Sin nombre comercial,70100.0,4.15,2024,CCOC(=O)c1c(SCC(=O)Nc2ccccc2)nnc(-c2ccccc2)c1-c1ccccc1,Inhibition of alpha-glucosidase (unknown origin),Baja
CHEMBL5590239,Sin nombre comercial,11020.0,4.96,2024,O=C(NNC(=S)Nc1ccccc1)c1cc2c([nH]c3ccccc32)c(-c2ccccc2)n1,Inhibition of alpha-glucosidase (unknown origin) using pNPG as substrate incubated for 10 mins by absorbance based assay,Baja
CHEMBL5592521,Sin nombre comercial,9800.0,5.01,2024,O=C(NNC(=S)Nc1ccccc1F)c1cc2c([nH]c3ccccc32)c(-c2ccccc2)n1,Inhibition of alpha-glucosidase (unknown origin) using pNPG as substrate incubated for 10 mins by absorbance based assay,Media
CHEMBL5594219,Sin nombre comercial,5260.0,5.28,2024,O=C(NNC(=S)Nc1cccc(F)c1)c1cc2c([nH]c3ccccc32)c(-c2ccccc2)n1,Inhibition of alpha-glucosidase (unknown origin) using pNPG as substrate incubated for 10 mins by absorbance based assay,Media
CHEMBL5594736,Sin nombre comercial,9240.0,5.03,2024,O=C(NNC(=S)Nc1ccc(F)cc1)c1cc2c([nH]c3ccccc32)c(-c2ccccc2)n1,Inhibition of alpha-glucosidase (unknown origin) using pNPG as substrate incubated for 10 mins by absorbance based assay,Media
CHEMBL5591690,Sin nombre comercial,8470.0,5.07,2024,O=C(NNC(=S)Nc1ccccc1Cl)c1cc2c([nH]c3ccccc32)c(-c2ccccc2)n1,Inhibition of alpha-glucosidase (unknown origin) using pNPG as substrate incubated for 10 mins by absorbance based assay,Media
CHEMBL5592850,Sin nombre comercial,6690.0,5.17,2024,O=C(NNC(=S)Nc1cccc(Cl)c1)c1cc2c([nH]c3ccccc32)c(-c2ccccc2)n1,Inhibition of alpha-glucosidase (unknown origin) using pNPG as substrate incubated for 10 mins by absorbance based assay,Media
CHEMBL5595989,Sin nombre comercial,6260.0,5.2,2024,O=C(NNC(=S)Nc1ccc(Cl)cc1)c1cc2c([nH]c3ccccc32)c(-c2ccccc2)n1,Inhibition of alpha-glucosidase (unknown origin) using pNPG as substrate incubated for 10 mins by absorbance based assay,Media
CHEMBL5584200,Sin nombre comercial,9410.0,5.03,2024,O=C(NNC(=S)Nc1ccccc1Br)c1cc2c([nH]c3ccccc32)c(-c2ccccc2)n1,Inhibition of alpha-glucosidase (unknown origin) using pNPG as substrate incubated for 10 mins by absorbance based assay,Media
CHEMBL5591376,Sin nombre comercial,4170.0,5.38,2024,O=C(NNC(=S)Nc1cccc(Br)c1)c1cc2c([nH]c3ccccc32)c(-c2ccccc2)n1,Inhibition of alpha-glucosidase (unknown origin) using pNPG as substrate incubated for 10 mins by absorbance based assay,Media
CHEMBL5594910,Sin nombre comercial,3210.0,5.49,2024,O=C(NNC(=S)Nc1ccc(Br)cc1)c1cc2c([nH]c3ccccc32)c(-c2ccccc2)n1,Inhibition of alpha-glucosidase (unknown origin) using pNPG as substrate incubated for 10 mins by absorbance based assay,Media
CHEMBL5595852,Sin nombre comercial,12400.0,4.91,2024,Cc1ccccc1NC(=S)NNC(=O)c1cc2c([nH]c3ccccc32)c(-c2ccccc2)n1,Inhibition of alpha-glucosidase (unknown origin) using pNPG as substrate incubated for 10 mins by absorbance based assay,Baja
CHEMBL5595782,Sin nombre comercial,6040.0,5.22,2024,Cc1cccc(NC(=S)NNC(=O)c2cc3c([nH]c4ccccc43)c(-c3ccccc3)n2)c1,Inhibition of alpha-glucosidase (unknown origin) using pNPG as substrate incubated for 10 mins by absorbance based assay,Media
CHEMBL5590445,Sin nombre comercial,6550.0,5.18,2024,Cc1ccc(NC(=S)NNC(=O)c2cc3c([nH]c4ccccc43)c(-c3ccccc3)n2)cc1,Inhibition of alpha-glucosidase (unknown origin) using pNPG as substrate incubated for 10 mins by absorbance based assay,Media
CHEMBL5592894,Sin nombre comercial,5240.0,5.28,2024,O=C(NNC(=S)Nc1ccccc1C(F)(F)F)c1cc2c([nH]c3ccccc32)c(-c2ccccc2)n1,Inhibition of alpha-glucosidase (unknown origin) using pNPG as substrate incubated for 10 mins by absorbance based assay,Media
CHEMBL5594439,Sin nombre comercial,3990.0,5.4,2024,O=C(NNC(=S)Nc1cccc(C(F)(F)F)c1)c1cc2c([nH]c3ccccc32)c(-c2ccccc2)n1,Inhibition of alpha-glucosidase (unknown origin) using pNPG as substrate incubated for 10 mins by absorbance based assay,Media
CHEMBL5594432,Sin nombre comercial,3840.0,5.42,2024,O=C(NNC(=S)Nc1ccc(C(F)(F)F)cc1)c1cc2c([nH]c3ccccc32)c(-c2ccccc2)n1,Inhibition of alpha-glucosidase (unknown origin) using pNPG as substrate incubated for 10 mins by absorbance based assay,Media
CHEMBL5595481,Sin nombre comercial,10990.0,4.96,2024,O=C(NNC(=S)Nc1ccccc1OC(F)(F)F)c1cc2c([nH]c3ccccc32)c(-c2ccccc2)n1,Inhibition of alpha-glucosidase (unknown origin) using pNPG as substrate incubated for 10 mins by absorbance based assay,Baja
CHEMBL5592136,Sin nombre comercial,3860.0,5.41,2024,O=C(NNC(=S)Nc1ccc(OC(F)(F)F)cc1)c1cc2c([nH]c3ccccc32)c(-c2ccccc2)n1,Inhibition of alpha-glucosidase (unknown origin) using pNPG as substrate incubated for 10 mins by absorbance based assay,Media
CHEMBL5593118,Sin nombre comercial,11980.0,4.92,2024,COc1ccccc1NC(=S)NNC(=O)c1cc2c([nH]c3ccccc32)c(-c2ccccc2)n1,Inhibition of alpha-glucosidase (unknown origin) using pNPG as substrate incubated for 10 mins by absorbance based assay,Baja
CHEMBL5589774,Sin nombre comercial,8980.0,5.05,2024,COc1cccc(NC(=S)NNC(=O)c2cc3c([nH]c4ccccc43)c(-c3ccccc3)n2)c1,Inhibition of alpha-glucosidase (unknown origin) using pNPG as substrate incubated for 10 mins by absorbance based assay,Media
CHEMBL5589860,Sin nombre comercial,11230.0,4.95,2024,COc1ccc(NC(=S)NNC(=O)c2cc3c([nH]c4ccccc43)c(-c3ccccc3)n2)cc1,Inhibition of alpha-glucosidase (unknown origin) using pNPG as substrate incubated for 10 mins by absorbance based assay,Baja
CHEMBL5593720,Sin nombre comercial,4620.0,5.33,2024,CCOc1ccccc1NC(=S)NNC(=O)c1cc2c([nH]c3ccccc32)c(-c2ccccc2)n1,Inhibition of alpha-glucosidase (unknown origin) using pNPG as substrate incubated for 10 mins by absorbance based assay,Media
CHEMBL5594123,Sin nombre comercial,4440.0,5.35,2024,CCOc1ccc(NC(=S)NNC(=O)c2cc3c([nH]c4ccccc43)c(-c3ccccc3)n2)cc1,Inhibition of alpha-glucosidase (unknown origin) using pNPG as substrate incubated for 10 mins by absorbance based assay,Media
CHEMBL5591395,Sin nombre comercial,3090.0,5.51,2024,O=C(NNC(=S)Nc1ccc(Oc2ccccc2)cc1)c1cc2c([nH]c3ccccc32)c(-c2ccccc2)n1,Inhibition of alpha-glucosidase (unknown origin) using pNPG as substrate incubated for 10 mins by absorbance based assay,Media
CHEMBL5594964,Sin nombre comercial,2950.0,5.53,2024,O=C(NNC(=S)Nc1cccc(OCc2ccccc2)c1)c1cc2c([nH]c3ccccc32)c(-c2ccccc2)n1,Inhibition of alpha-glucosidase (unknown origin) using pNPG as substrate incubated for 10 mins by absorbance based assay,Media
CHEMBL5589972,Sin nombre comercial,2810.0,5.55,2024,O=C(NNC(=S)Nc1cccc([N+](=O)[O-])c1)c1cc2c([nH]c3ccccc32)c(-c2ccccc2)n1,Inhibition of alpha-glucosidase (unknown origin) using pNPG as substrate incubated for 10 mins by absorbance based assay,Media
CHEMBL5595235,Sin nombre comercial,10990.0,4.96,2024,O=C(NNC(=S)Nc1ccc([N+](=O)[O-])cc1)c1cc2c([nH]c3ccccc32)c(-c2ccccc2)n1,Inhibition of alpha-glucosidase (unknown origin) using pNPG as substrate incubated for 10 mins by absorbance based assay,Baja
CHEMBL5590835,Sin nombre comercial,3660.0,5.44,2024,O=C(NNC(=S)Nc1ccc(F)c(F)c1)c1cc2c([nH]c3ccccc32)c(-c2ccccc2)n1,Inhibition of alpha-glucosidase (unknown origin) using pNPG as substrate incubated for 10 mins by absorbance based assay,Media
CHEMBL5583905,Sin nombre comercial,8510.0,5.07,2024,Cc1ccc(NC(=S)NNC(=O)c2cc3c([nH]c4ccccc43)c(-c3ccccc3)n2)c(C)c1,Inhibition of alpha-glucosidase (unknown origin) using pNPG as substrate incubated for 10 mins by absorbance based assay,Media
CHEMBL5595072,Sin nombre comercial,4590.0,5.34,2024,Cc1ccc(C)c(NC(=S)NNC(=O)c2cc3c([nH]c4ccccc43)c(-c3ccccc3)n2)c1,Inhibition of alpha-glucosidase (unknown origin) using pNPG as substrate incubated for 10 mins by absorbance based assay,Media
CHEMBL5595016,Sin nombre comercial,10460.0,4.98,2024,Cc1cccc(C)c1NC(=S)NNC(=O)c1cc2c([nH]c3ccccc32)c(-c2ccccc2)n1,Inhibition of alpha-glucosidase (unknown origin) using pNPG as substrate incubated for 10 mins by absorbance based assay,Baja
CHEMBL5589699,Sin nombre comercial,6880.0,5.16,2024,COc1ccc(NC(=S)NNC(=O)c2cc3c([nH]c4ccccc43)c(-c3ccccc3)n2)c(OC)c1,Inhibition of alpha-glucosidase (unknown origin) using pNPG as substrate incubated for 10 mins by absorbance based assay,Media
CHEMBL5590184,Sin nombre comercial,5170.0,5.29,2024,COc1ccc(OC)c(NC(=S)NNC(=O)c2cc3c([nH]c4ccccc43)c(-c3ccccc3)n2)c1,Inhibition of alpha-glucosidase (unknown origin) using pNPG as substrate incubated for 10 mins by absorbance based assay,Media
CHEMBL5592227,Sin nombre comercial,8300.0,5.08,2024,COc1ccc(NC(=S)NNC(=O)c2cc3c([nH]c4ccccc43)c(-c3ccccc3)n2)cc1OC,Inhibition of alpha-glucosidase (unknown origin) using pNPG as substrate incubated for 10 mins by absorbance based assay,Media
CHEMBL5592116,Sin nombre comercial,5900.0,5.23,2024,COc1cc(NC(=S)NNC(=O)c2cc3c([nH]c4ccccc43)c(-c3ccccc3)n2)cc(OC)c1,Inhibition of alpha-glucosidase (unknown origin) using pNPG as substrate incubated for 10 mins by absorbance based assay,Media
CHEMBL5592418,Sin nombre comercial,12250.0,4.91,2024,COc1cc(NC(=S)NNC(=O)c2cc3c([nH]c4ccccc43)c(-c3ccccc3)n2)cc(OC)c1OC,Inhibition of alpha-glucosidase (unknown origin) using pNPG as substrate incubated for 10 mins by absorbance based assay,Baja
CHEMBL404271,ACARBOSE,564280.0,,2024,C[C@H]1O[C@H](O[C@H]2[C@H](O)[C@@H](O)[C@@H](O[C@H]3[C@H](O)[C@@H](O)C(O)O[C@@H]3CO)O[C@@H]2CO)[C@H](O)[C@@H](O)[C@@H]1N[C@H]1C=C(CO)[C@@H](O)[C@H](O)[C@H]1O,Inhibition of alpha-glucosidase (unknown origin) using pNPG as substrate incubated for 10 mins by absorbance based assay,Baja
CHEMBL404271,ACARBOSE,42450.0,4.37,2024,C[C@H]1O[C@H](O[C@H]2[C@H](O)[C@@H](O)[C@@H](O[C@H]3[C@H](O)[C@@H](O)C(O)O[C@@H]3CO)O[C@@H]2CO)[C@H](O)[C@@H](O)[C@@H]1N[C@H]1C=C(CO)[C@@H](O)[C@H](O)[C@H]1O,Inhibition of intestinal alpha-glucosidase (unknown origin) using p-nitrophenyl-alpha-D-glucopyranoside as substrate preincubated for 5 mins followed by substrate addition and measured after 5 mins by spectrophotometric analysis,Baja
CHEMBL5420199,Sin nombre comercial,1600.0,5.8,2024,O=S(=O)(NCCc1c[nH]c2ccccc12)c1cc(F)ccc1Cl,Inhibition of intestinal alpha-glucosidase (unknown origin) using p-nitrophenyl-alpha-D-glucopyranoside as substrate preincubated for 5 mins followed by substrate addition and measured after 5 mins by spectrophotometric analysis,Media
