target_symbol,target_category,drug_name,drug_type,trial_phase,trial_status
PSEN1,ðŸŸ¡ Literature-Driven Target,NIROGACESTAT,Small molecule,3,"Active, not recruiting"
PSEN1,ðŸŸ¡ Literature-Driven Target,TARENFLURBIL,Small molecule,3,Completed
PSEN1,ðŸŸ¡ Literature-Driven Target,TARENFLURBIL,Small molecule,3,Completed
PSEN1,ðŸŸ¡ Literature-Driven Target,SEMAGACESTAT,Small molecule,3,Completed
PSEN1,ðŸŸ¡ Literature-Driven Target,TARENFLURBIL,Small molecule,3,Terminated
PSEN1,ðŸŸ¡ Literature-Driven Target,TARENFLURBIL,Small molecule,3,Terminated
PSEN1,ðŸŸ¡ Literature-Driven Target,RG-4733,Small molecule,2,Completed
PSEN1,ðŸŸ¡ Literature-Driven Target,RG-4733,Small molecule,2,Withdrawn
PSEN1,ðŸŸ¡ Literature-Driven Target,NIROGACESTAT,Small molecule,2,Not yet recruiting
PSEN1,ðŸŸ¡ Literature-Driven Target,RG-4733,Small molecule,2,Terminated
PSEN1,ðŸŸ¡ Literature-Driven Target,NIROGACESTAT,Small molecule,2,Completed
PSEN1,ðŸŸ¡ Literature-Driven Target,RG-4733,Small molecule,2,Completed
PSEN1,ðŸŸ¡ Literature-Driven Target,RG-4733,Small molecule,2,Completed
PSEN1,ðŸŸ¡ Literature-Driven Target,RG-4733,Small molecule,2,Completed
PSEN1,ðŸŸ¡ Literature-Driven Target,RG-4733,Small molecule,2,Withdrawn
PSEN1,ðŸŸ¡ Literature-Driven Target,RG-4733,Small molecule,2,Withdrawn
PSEN1,ðŸŸ¡ Literature-Driven Target,NIROGACESTAT,Small molecule,2,Recruiting
PSEN1,ðŸŸ¡ Literature-Driven Target,NIROGACESTAT,Small molecule,2,Terminated
PSEN1,ðŸŸ¡ Literature-Driven Target,RG-4733,Small molecule,2,Terminated
PSEN1,ðŸŸ¡ Literature-Driven Target,RG-4733,Small molecule,2,Terminated
PSEN1,ðŸŸ¡ Literature-Driven Target,RG-4733,Small molecule,2,Terminated
PSEN1,ðŸŸ¡ Literature-Driven Target,RG-4733,Small molecule,2,Completed
PSEN1,ðŸŸ¡ Literature-Driven Target,RG-4733,Small molecule,2,Completed
PSEN1,ðŸŸ¡ Literature-Driven Target,NIROGACESTAT,Small molecule,2,"Active, not recruiting"
PSEN1,ðŸŸ¡ Literature-Driven Target,NIROGACESTAT,Small molecule,2,Recruiting
APP,ðŸŸ¡ Literature-Driven Target,ADUCANUMAB,Antibody,4,Unknown
APP,ðŸŸ¡ Literature-Driven Target,LECANEMAB,Antibody,4,Unknown
APP,ðŸŸ¡ Literature-Driven Target,ADUCANUMAB,Antibody,4,Unknown
APP,ðŸŸ¡ Literature-Driven Target,SOLANEZUMAB,Antibody,3,Completed
APP,ðŸŸ¡ Literature-Driven Target,TRAMIPROSATE,Small molecule,3,Unknown status
APP,ðŸŸ¡ Literature-Driven Target,CRENEZUMAB,Antibody,3,Terminated
APP,ðŸŸ¡ Literature-Driven Target,GANTENERUMAB,Antibody,3,Completed
APP,ðŸŸ¡ Literature-Driven Target,GANTENERUMAB,Antibody,3,Terminated
APP,ðŸŸ¡ Literature-Driven Target,BAPINEUZUMAB,Antibody,3,Terminated
APP,ðŸŸ¡ Literature-Driven Target,SOLANEZUMAB,Antibody,3,Completed
APP,ðŸŸ¡ Literature-Driven Target,SOLANEZUMAB,Antibody,3,Terminated
APP,ðŸŸ¡ Literature-Driven Target,BAPINEUZUMAB,Antibody,3,Completed
APP,ðŸŸ¡ Literature-Driven Target,ADUCANUMAB,Antibody,3,"Active, not recruiting"
APP,ðŸŸ¡ Literature-Driven Target,ADUCANUMAB,Antibody,3,Terminated
APP,ðŸŸ¡ Literature-Driven Target,LECANEMAB,Antibody,3,"Active, not recruiting"
APP,ðŸŸ¡ Literature-Driven Target,LECANEMAB,Antibody,3,Recruiting
APP,ðŸŸ¡ Literature-Driven Target,DONANEMAB,Antibody,3,"Active, not recruiting"
APP,ðŸŸ¡ Literature-Driven Target,DONANEMAB,Antibody,3,Recruiting
APP,ðŸŸ¡ Literature-Driven Target,VALILTRAMIPROSATE,Small molecule,3,"Active, not recruiting"
APP,ðŸŸ¡ Literature-Driven Target,VALILTRAMIPROSATE,Small molecule,3,Enrolling by invitation
APP,ðŸŸ¡ Literature-Driven Target,TRAMIPROSATE,Small molecule,2,Completed
APP,ðŸŸ¡ Literature-Driven Target,PONEZUMAB,Antibody,2,Completed
APP,ðŸŸ¡ Literature-Driven Target,GANTENERUMAB,Antibody,2,Terminated
APP,ðŸŸ¡ Literature-Driven Target,SOLANEZUMAB,Antibody,2,Completed
APP,ðŸŸ¡ Literature-Driven Target,VANUTIDE CRIDIFICAR,Protein,2,Terminated
PSEN2,ðŸŸ¡ Literature-Driven Target,NIROGACESTAT,Small molecule,3,"Active, not recruiting"
PSEN2,ðŸŸ¡ Literature-Driven Target,TARENFLURBIL,Small molecule,3,Terminated
PSEN2,ðŸŸ¡ Literature-Driven Target,TARENFLURBIL,Small molecule,3,Completed
PSEN2,ðŸŸ¡ Literature-Driven Target,TARENFLURBIL,Small molecule,3,Terminated
PSEN2,ðŸŸ¡ Literature-Driven Target,TARENFLURBIL,Small molecule,3,Completed
PSEN2,ðŸŸ¡ Literature-Driven Target,SEMAGACESTAT,Small molecule,3,Completed
PSEN2,ðŸŸ¡ Literature-Driven Target,RG-4733,Small molecule,2,Withdrawn
PSEN2,ðŸŸ¡ Literature-Driven Target,RG-4733,Small molecule,2,Completed
PSEN2,ðŸŸ¡ Literature-Driven Target,NIROGACESTAT,Small molecule,2,Completed
PSEN2,ðŸŸ¡ Literature-Driven Target,RG-4733,Small molecule,2,Completed
PSEN2,ðŸŸ¡ Literature-Driven Target,RG-4733,Small molecule,2,Withdrawn
PSEN2,ðŸŸ¡ Literature-Driven Target,NIROGACESTAT,Small molecule,2,Not yet recruiting
PSEN2,ðŸŸ¡ Literature-Driven Target,RG-4733,Small molecule,2,Completed
PSEN2,ðŸŸ¡ Literature-Driven Target,RG-4733,Small molecule,2,Terminated
PSEN2,ðŸŸ¡ Literature-Driven Target,RG-4733,Small molecule,2,Withdrawn
PSEN2,ðŸŸ¡ Literature-Driven Target,NIROGACESTAT,Small molecule,2,Recruiting
PSEN2,ðŸŸ¡ Literature-Driven Target,NIROGACESTAT,Small molecule,2,Terminated
PSEN2,ðŸŸ¡ Literature-Driven Target,RG-4733,Small molecule,2,Terminated
PSEN2,ðŸŸ¡ Literature-Driven Target,RG-4733,Small molecule,2,Completed
PSEN2,ðŸŸ¡ Literature-Driven Target,RG-4733,Small molecule,2,Terminated
PSEN2,ðŸŸ¡ Literature-Driven Target,RG-4733,Small molecule,2,Terminated
PSEN2,ðŸŸ¡ Literature-Driven Target,RG-4733,Small molecule,2,Completed
PSEN2,ðŸŸ¡ Literature-Driven Target,RG-4733,Small molecule,2,Completed
PSEN2,ðŸŸ¡ Literature-Driven Target,NIROGACESTAT,Small molecule,2,"Active, not recruiting"
PSEN2,ðŸŸ¡ Literature-Driven Target,RG-4733,Small molecule,2,Completed
GRIN1,ðŸŸ¡ Literature-Driven Target,FELBAMATE,Small molecule,4,Unknown
GRIN1,ðŸŸ¡ Literature-Driven Target,AMANTADINE HYDROCHLORIDE,Small molecule,4,Unknown
GRIN1,ðŸŸ¡ Literature-Driven Target,AMANTADINE HYDROCHLORIDE,Small molecule,4,Unknown
GRIN1,ðŸŸ¡ Literature-Driven Target,AMANTADINE HYDROCHLORIDE,Small molecule,4,Unknown
GRIN1,ðŸŸ¡ Literature-Driven Target,FELBAMATE,Small molecule,4,Unknown
GRIN1,ðŸŸ¡ Literature-Driven Target,MEMANTINE,Small molecule,4,Unknown
GRIN1,ðŸŸ¡ Literature-Driven Target,MEMANTINE,Small molecule,4,Completed
GRIN1,ðŸŸ¡ Literature-Driven Target,AMANTADINE HYDROCHLORIDE,Small molecule,4,Unknown
GRIN1,ðŸŸ¡ Literature-Driven Target,ORPHENADRINE CITRATE,Small molecule,4,Unknown
GRIN1,ðŸŸ¡ Literature-Driven Target,ESKETAMINE,Small molecule,4,Withdrawn
GRIN1,ðŸŸ¡ Literature-Driven Target,ESKETAMINE HYDROCHLORIDE,Small molecule,4,Unknown
GRIN1,ðŸŸ¡ Literature-Driven Target,ESKETAMINE,Small molecule,4,Completed
GRIN1,ðŸŸ¡ Literature-Driven Target,ESKETAMINE,Small molecule,4,Recruiting
GRIN1,ðŸŸ¡ Literature-Driven Target,AMANTADINE HYDROCHLORIDE,Small molecule,4,Unknown
GRIN1,ðŸŸ¡ Literature-Driven Target,AMANTADINE HYDROCHLORIDE,Small molecule,4,Unknown
GRIN1,ðŸŸ¡ Literature-Driven Target,AMANTADINE HYDROCHLORIDE,Small molecule,4,Unknown
GRIN1,ðŸŸ¡ Literature-Driven Target,MEMANTINE HYDROCHLORIDE,Small molecule,4,Unknown
GRIN1,ðŸŸ¡ Literature-Driven Target,MEMANTINE HYDROCHLORIDE,Small molecule,4,Completed
GRIN1,ðŸŸ¡ Literature-Driven Target,ACAMPROSATE,Small molecule,4,Unknown
GRIN1,ðŸŸ¡ Literature-Driven Target,ACAMPROSATE,Small molecule,4,Terminated
GRIN1,ðŸŸ¡ Literature-Driven Target,ACAMPROSATE,Small molecule,4,Unknown status
GRIN1,ðŸŸ¡ Literature-Driven Target,ESKETAMINE HYDROCHLORIDE,Small molecule,4,Unknown
GRIN1,ðŸŸ¡ Literature-Driven Target,ESKETAMINE,Small molecule,4,Unknown
GRIN1,ðŸŸ¡ Literature-Driven Target,ESKETAMINE,Small molecule,4,Recruiting
GRIN1,ðŸŸ¡ Literature-Driven Target,ESKETAMINE,Small molecule,4,Unknown
CDK5,ðŸŸ¡ Literature-Driven Target,DINACICLIB,Small molecule,3,Completed
CDK5,ðŸŸ¡ Literature-Driven Target,AT-7519,Small molecule,2,Completed
CDK5,ðŸŸ¡ Literature-Driven Target,DINACICLIB,Small molecule,2,Terminated
CDK5,ðŸŸ¡ Literature-Driven Target,DINACICLIB,Small molecule,2,Terminated
CDK5,ðŸŸ¡ Literature-Driven Target,DINACICLIB,Small molecule,2,Completed
CDK5,ðŸŸ¡ Literature-Driven Target,RONICICLIB,Small molecule,2,Withdrawn
CDK5,ðŸŸ¡ Literature-Driven Target,SELICICLIB,Small molecule,2,Terminated
CDK5,ðŸŸ¡ Literature-Driven Target,RONICICLIB,Small molecule,2,Terminated
CDK5,ðŸŸ¡ Literature-Driven Target,SELICICLIB,Small molecule,2,Recruiting
CDK5,ðŸŸ¡ Literature-Driven Target,AT-7519,Small molecule,2,Completed
CDK5,ðŸŸ¡ Literature-Driven Target,DINACICLIB,Small molecule,2,"Active, not recruiting"
CDK5,ðŸŸ¡ Literature-Driven Target,DINACICLIB,Small molecule,2,"Active, not recruiting"
CDK5,ðŸŸ¡ Literature-Driven Target,SELICICLIB,Small molecule,2,Terminated
CDK5,ðŸŸ¡ Literature-Driven Target,SELICICLIB,Small molecule,2,Terminated
CDK5,ðŸŸ¡ Literature-Driven Target,DINACICLIB,Small molecule,2,"Active, not recruiting"
CDK5,ðŸŸ¡ Literature-Driven Target,DINACICLIB,Small molecule,1,Completed
CDK5,ðŸŸ¡ Literature-Driven Target,DINACICLIB,Small molecule,1,Terminated
CDK5,ðŸŸ¡ Literature-Driven Target,AT-7519,Small molecule,1,Completed
CDK5,ðŸŸ¡ Literature-Driven Target,SELICICLIB,Small molecule,1,Completed
CDK5,ðŸŸ¡ Literature-Driven Target,RONICICLIB,Small molecule,1,Completed
CDK5,ðŸŸ¡ Literature-Driven Target,AT-7519,Small molecule,1,Completed
CDK5,ðŸŸ¡ Literature-Driven Target,DINACICLIB,Small molecule,1,"Active, not recruiting"
CDK5,ðŸŸ¡ Literature-Driven Target,PHA-793887,Small molecule,1,Terminated
CDK5,ðŸŸ¡ Literature-Driven Target,AT-7519,Small molecule,1,"Active, not recruiting"
CDK5,ðŸŸ¡ Literature-Driven Target,AZD-5438,Small molecule,1,Completed
GRIN3B,âšª Under Investigation,FELBAMATE,Small molecule,4,Unknown
GRIN3B,âšª Under Investigation,AMANTADINE HYDROCHLORIDE,Small molecule,4,Unknown
GRIN3B,âšª Under Investigation,AMANTADINE HYDROCHLORIDE,Small molecule,4,Unknown
GRIN3B,âšª Under Investigation,FELBAMATE,Small molecule,4,Unknown
GRIN3B,âšª Under Investigation,ORPHENADRINE CITRATE,Small molecule,4,Unknown
GRIN3B,âšª Under Investigation,ESKETAMINE,Small molecule,4,Withdrawn
GRIN3B,âšª Under Investigation,AMANTADINE HYDROCHLORIDE,Small molecule,4,Unknown
GRIN3B,âšª Under Investigation,ESKETAMINE HYDROCHLORIDE,Small molecule,4,Unknown
GRIN3B,âšª Under Investigation,ESKETAMINE,Small molecule,4,Unknown
GRIN3B,âšª Under Investigation,ESKETAMINE,Small molecule,4,Completed
GRIN3B,âšª Under Investigation,FELBAMATE,Small molecule,4,Unknown
GRIN3B,âšª Under Investigation,MEMANTINE HYDROCHLORIDE,Small molecule,4,Unknown
GRIN3B,âšª Under Investigation,MEMANTINE HYDROCHLORIDE,Small molecule,4,Unknown status
GRIN3B,âšª Under Investigation,AMANTADINE HYDROCHLORIDE,Small molecule,4,Unknown
GRIN3B,âšª Under Investigation,AMANTADINE HYDROCHLORIDE,Small molecule,4,Unknown
GRIN3B,âšª Under Investigation,AMANTADINE HYDROCHLORIDE,Small molecule,4,Unknown
GRIN3B,âšª Under Investigation,AMANTADINE HYDROCHLORIDE,Small molecule,4,Completed
GRIN3B,âšª Under Investigation,AMANTADINE,Small molecule,4,Completed
GRIN3B,âšª Under Investigation,MEMANTINE HYDROCHLORIDE,Small molecule,4,Unknown
GRIN3B,âšª Under Investigation,MEMANTINE HYDROCHLORIDE,Small molecule,4,Completed
GRIN3B,âšª Under Investigation,MEMANTINE,Small molecule,4,Unknown
GRIN3B,âšª Under Investigation,MEMANTINE,Small molecule,4,Completed
GRIN3B,âšª Under Investigation,ACAMPROSATE,Small molecule,4,Completed
GRIN3B,âšª Under Investigation,ACAMPROSATE,Small molecule,4,Terminated
GRIN3B,âšª Under Investigation,AMANTADINE HYDROCHLORIDE,Small molecule,4,Unknown
ACHE,ðŸŸ¡ Literature-Driven Target,PRALIDOXIME CHLORIDE,Small molecule,4,Unknown
ACHE,ðŸŸ¡ Literature-Driven Target,GALANTAMINE HYDROBROMIDE,Small molecule,4,Unknown
ACHE,ðŸŸ¡ Literature-Driven Target,DONEPEZIL HYDROCHLORIDE,Small molecule,4,Unknown
ACHE,ðŸŸ¡ Literature-Driven Target,DONEPEZIL HYDROCHLORIDE,Small molecule,4,Completed
ACHE,ðŸŸ¡ Literature-Driven Target,DONEPEZIL,Small molecule,4,Unknown
ACHE,ðŸŸ¡ Literature-Driven Target,TACRINE,Small molecule,4,Unknown
ACHE,ðŸŸ¡ Literature-Driven Target,NEOSTIGMINE METHYLSULFATE,Small molecule,4,Unknown
ACHE,ðŸŸ¡ Literature-Driven Target,PRALIDOXIME CHLORIDE,Small molecule,4,Unknown
ACHE,ðŸŸ¡ Literature-Driven Target,PYRIDOSTIGMINE BROMIDE,Small molecule,4,Unknown
ACHE,ðŸŸ¡ Literature-Driven Target,GALANTAMINE HYDROBROMIDE,Small molecule,4,Unknown
ACHE,ðŸŸ¡ Literature-Driven Target,GALANTAMINE HYDROBROMIDE,Small molecule,4,Completed
ACHE,ðŸŸ¡ Literature-Driven Target,DONEPEZIL HYDROCHLORIDE,Small molecule,4,Unknown
ACHE,ðŸŸ¡ Literature-Driven Target,DONEPEZIL HYDROCHLORIDE,Small molecule,4,Terminated
ACHE,ðŸŸ¡ Literature-Driven Target,DONEPEZIL HYDROCHLORIDE,Small molecule,4,Withdrawn
ACHE,ðŸŸ¡ Literature-Driven Target,RIVASTIGMINE,Small molecule,4,Unknown
ACHE,ðŸŸ¡ Literature-Driven Target,RIVASTIGMINE,Small molecule,4,Completed
ACHE,ðŸŸ¡ Literature-Driven Target,RIVASTIGMINE,Small molecule,4,Not yet recruiting
ACHE,ðŸŸ¡ Literature-Driven Target,ISOFLUROPHATE,Small molecule,4,Unknown
ACHE,ðŸŸ¡ Literature-Driven Target,ECHOTHIOPHATE,Small molecule,4,Unknown
ACHE,ðŸŸ¡ Literature-Driven Target,NEOSTIGMINE,Small molecule,4,Unknown
ACHE,ðŸŸ¡ Literature-Driven Target,PHYSOSTIGMINE,Small molecule,4,Unknown
ACHE,ðŸŸ¡ Literature-Driven Target,RIVASTIGMINE,Small molecule,4,Unknown
ACHE,ðŸŸ¡ Literature-Driven Target,DONEPEZIL,Small molecule,4,Completed
ACHE,ðŸŸ¡ Literature-Driven Target,RIVASTIGMINE,Small molecule,4,Unknown
ACHE,ðŸŸ¡ Literature-Driven Target,RIVASTIGMINE,Small molecule,4,Completed
ACE,ðŸŸ¡ Literature-Driven Target,LISINOPRIL,Small molecule,4,Unknown
ACE,ðŸŸ¡ Literature-Driven Target,MOEXIPRIL,Small molecule,4,Unknown
ACE,ðŸŸ¡ Literature-Driven Target,RAMIPRIL,Small molecule,4,Unknown
ACE,ðŸŸ¡ Literature-Driven Target,RAMIPRIL,Small molecule,4,Completed
ACE,ðŸŸ¡ Literature-Driven Target,QUINAPRIL HYDROCHLORIDE,Small molecule,4,Unknown
ACE,ðŸŸ¡ Literature-Driven Target,CAPTOPRIL,Small molecule,4,Unknown
ACE,ðŸŸ¡ Literature-Driven Target,PERINDOPRIL,Small molecule,4,Unknown
ACE,ðŸŸ¡ Literature-Driven Target,QUINAPRIL,Small molecule,4,Unknown
ACE,ðŸŸ¡ Literature-Driven Target,QUINAPRIL,Small molecule,4,Completed
ACE,ðŸŸ¡ Literature-Driven Target,FOSINOPRIL,Small molecule,4,Unknown
ACE,ðŸŸ¡ Literature-Driven Target,IMIDAPRIL,Small molecule,4,Unknown
ACE,ðŸŸ¡ Literature-Driven Target,ENALAPRIL,Small molecule,4,Unknown
ACE,ðŸŸ¡ Literature-Driven Target,BENAZEPRIL,Small molecule,4,Unknown
ACE,ðŸŸ¡ Literature-Driven Target,BENAZEPRIL HYDROCHLORIDE,Small molecule,4,Unknown
ACE,ðŸŸ¡ Literature-Driven Target,RAMIPRIL,Small molecule,4,Unknown
ACE,ðŸŸ¡ Literature-Driven Target,ENALAPRIL MALEATE,Small molecule,4,Unknown
ACE,ðŸŸ¡ Literature-Driven Target,LISINOPRIL,Small molecule,4,Unknown
ACE,ðŸŸ¡ Literature-Driven Target,TRANDOLAPRIL,Small molecule,4,Unknown
ACE,ðŸŸ¡ Literature-Driven Target,LISINOPRIL,Small molecule,4,Unknown
ACE,ðŸŸ¡ Literature-Driven Target,SPIRAPRIL,Small molecule,4,Unknown
ACE,ðŸŸ¡ Literature-Driven Target,CILAZAPRIL,Small molecule,4,Unknown
ACE,ðŸŸ¡ Literature-Driven Target,RAMIPRIL,Small molecule,4,Unknown
ACE,ðŸŸ¡ Literature-Driven Target,RAMIPRIL,Small molecule,4,Completed
ACE,ðŸŸ¡ Literature-Driven Target,RAMIPRIL,Small molecule,4,Recruiting
ACE,ðŸŸ¡ Literature-Driven Target,RAMIPRIL,Small molecule,4,Withdrawn
BCHE,ðŸŸ¡ Literature-Driven Target,TACRINE,Small molecule,4,Unknown
BCHE,ðŸŸ¡ Literature-Driven Target,RIVASTIGMINE,Small molecule,4,Completed
BCHE,ðŸŸ¡ Literature-Driven Target,RIVASTIGMINE,Small molecule,4,Not yet recruiting
BCHE,ðŸŸ¡ Literature-Driven Target,RIVASTIGMINE,Small molecule,4,Unknown
BCHE,ðŸŸ¡ Literature-Driven Target,RIVASTIGMINE,Small molecule,4,Completed
BCHE,ðŸŸ¡ Literature-Driven Target,RIVASTIGMINE,Small molecule,4,Unknown
BCHE,ðŸŸ¡ Literature-Driven Target,RIVASTIGMINE,Small molecule,4,Completed
BCHE,ðŸŸ¡ Literature-Driven Target,RIVASTIGMINE,Small molecule,4,Unknown
BCHE,ðŸŸ¡ Literature-Driven Target,RIVASTIGMINE,Small molecule,4,Terminated
BCHE,ðŸŸ¡ Literature-Driven Target,RIVASTIGMINE,Small molecule,3,Completed
BCHE,ðŸŸ¡ Literature-Driven Target,RIVASTIGMINE,Small molecule,3,Completed
BCHE,ðŸŸ¡ Literature-Driven Target,RIVASTIGMINE,Small molecule,3,Terminated
BCHE,ðŸŸ¡ Literature-Driven Target,RIVASTIGMINE,Small molecule,3,Terminated
BCHE,ðŸŸ¡ Literature-Driven Target,RIVASTIGMINE,Small molecule,3,Terminated
BCHE,ðŸŸ¡ Literature-Driven Target,RIVASTIGMINE,Small molecule,3,Completed
BCHE,ðŸŸ¡ Literature-Driven Target,RIVASTIGMINE,Small molecule,3,Completed
BCHE,ðŸŸ¡ Literature-Driven Target,RIVASTIGMINE,Small molecule,3,"Active, not recruiting"
BCHE,ðŸŸ¡ Literature-Driven Target,RIVASTIGMINE,Small molecule,3,Completed
BCHE,ðŸŸ¡ Literature-Driven Target,RIVASTIGMINE,Small molecule,3,Terminated
BCHE,ðŸŸ¡ Literature-Driven Target,RIVASTIGMINE,Small molecule,3,Terminated
BCHE,ðŸŸ¡ Literature-Driven Target,RIVASTIGMINE,Small molecule,3,Terminated
BCHE,ðŸŸ¡ Literature-Driven Target,RIVASTIGMINE,Small molecule,3,Completed
BCHE,ðŸŸ¡ Literature-Driven Target,RIVASTIGMINE,Small molecule,3,Completed
BCHE,ðŸŸ¡ Literature-Driven Target,TACRINE,Small molecule,2,Withdrawn
BCHE,ðŸŸ¡ Literature-Driven Target,RIVASTIGMINE,Small molecule,2,Not yet recruiting
APH1B,âšª Under Investigation,TARENFLURBIL,Small molecule,3,Completed
APH1B,âšª Under Investigation,NIROGACESTAT,Small molecule,3,"Active, not recruiting"
APH1B,âšª Under Investigation,TARENFLURBIL,Small molecule,3,Terminated
APH1B,âšª Under Investigation,TARENFLURBIL,Small molecule,3,Completed
APH1B,âšª Under Investigation,TARENFLURBIL,Small molecule,3,Terminated
APH1B,âšª Under Investigation,SEMAGACESTAT,Small molecule,3,Completed
APH1B,âšª Under Investigation,RG-4733,Small molecule,2,Completed
APH1B,âšª Under Investigation,RG-4733,Small molecule,2,Withdrawn
APH1B,âšª Under Investigation,NIROGACESTAT,Small molecule,2,Completed
APH1B,âšª Under Investigation,NIROGACESTAT,Small molecule,2,Not yet recruiting
APH1B,âšª Under Investigation,RG-4733,Small molecule,2,Terminated
APH1B,âšª Under Investigation,RG-4733,Small molecule,2,Completed
APH1B,âšª Under Investigation,RG-4733,Small molecule,2,Completed
APH1B,âšª Under Investigation,RG-4733,Small molecule,2,Withdrawn
APH1B,âšª Under Investigation,RG-4733,Small molecule,2,Terminated
APH1B,âšª Under Investigation,RG-4733,Small molecule,2,Withdrawn
APH1B,âšª Under Investigation,NIROGACESTAT,Small molecule,2,Recruiting
APH1B,âšª Under Investigation,RG-4733,Small molecule,2,Terminated
APH1B,âšª Under Investigation,NIROGACESTAT,Small molecule,2,Terminated
APH1B,âšª Under Investigation,RG-4733,Small molecule,2,Completed
APH1B,âšª Under Investigation,RG-4733,Small molecule,2,Completed
APH1B,âšª Under Investigation,RG-4733,Small molecule,2,Completed
APH1B,âšª Under Investigation,NIROGACESTAT,Small molecule,2,"Active, not recruiting"
APH1B,âšª Under Investigation,NIROGACESTAT,Small molecule,2,Completed
APH1B,âšª Under Investigation,NIROGACESTAT,Small molecule,2,Recruiting
GRIN2B,ðŸŸ¡ Literature-Driven Target,FELBAMATE,Small molecule,4,Unknown
GRIN2B,ðŸŸ¡ Literature-Driven Target,AMANTADINE HYDROCHLORIDE,Small molecule,4,Unknown
GRIN2B,ðŸŸ¡ Literature-Driven Target,AMANTADINE HYDROCHLORIDE,Small molecule,4,Unknown
GRIN2B,ðŸŸ¡ Literature-Driven Target,ESKETAMINE HYDROCHLORIDE,Small molecule,4,Unknown
GRIN2B,ðŸŸ¡ Literature-Driven Target,ESKETAMINE,Small molecule,4,Unknown
GRIN2B,ðŸŸ¡ Literature-Driven Target,ESKETAMINE,Small molecule,4,Recruiting
GRIN2B,ðŸŸ¡ Literature-Driven Target,AMANTADINE HYDROCHLORIDE,Small molecule,4,Unknown
GRIN2B,ðŸŸ¡ Literature-Driven Target,ESKETAMINE HYDROCHLORIDE,Small molecule,4,Unknown
GRIN2B,ðŸŸ¡ Literature-Driven Target,ESKETAMINE,Small molecule,4,Unknown
GRIN2B,ðŸŸ¡ Literature-Driven Target,ESKETAMINE,Small molecule,4,Completed
GRIN2B,ðŸŸ¡ Literature-Driven Target,FELBAMATE,Small molecule,4,Unknown
GRIN2B,ðŸŸ¡ Literature-Driven Target,MEMANTINE HYDROCHLORIDE,Small molecule,4,Unknown
GRIN2B,ðŸŸ¡ Literature-Driven Target,MEMANTINE HYDROCHLORIDE,Small molecule,4,Unknown status
GRIN2B,ðŸŸ¡ Literature-Driven Target,AMANTADINE HYDROCHLORIDE,Small molecule,4,Unknown
GRIN2B,ðŸŸ¡ Literature-Driven Target,AMANTADINE HYDROCHLORIDE,Small molecule,4,Unknown
GRIN2B,ðŸŸ¡ Literature-Driven Target,AMANTADINE HYDROCHLORIDE,Small molecule,4,Unknown
GRIN2B,ðŸŸ¡ Literature-Driven Target,AMANTADINE HYDROCHLORIDE,Small molecule,4,Unknown
GRIN2B,ðŸŸ¡ Literature-Driven Target,AMANTADINE,Small molecule,4,Unknown
GRIN2B,ðŸŸ¡ Literature-Driven Target,MEMANTINE HYDROCHLORIDE,Small molecule,4,Unknown
GRIN2B,ðŸŸ¡ Literature-Driven Target,MEMANTINE HYDROCHLORIDE,Small molecule,4,Completed
GRIN2B,ðŸŸ¡ Literature-Driven Target,MEMANTINE,Small molecule,4,Unknown
GRIN2B,ðŸŸ¡ Literature-Driven Target,MEMANTINE,Small molecule,4,Completed
GRIN2B,ðŸŸ¡ Literature-Driven Target,FELBAMATE,Small molecule,4,Unknown
GRIN2B,ðŸŸ¡ Literature-Driven Target,ORPHENADRINE CITRATE,Small molecule,4,Unknown
GRIN2B,ðŸŸ¡ Literature-Driven Target,ACAMPROSATE,Small molecule,4,Unknown
GRIN2A,ðŸŸ¡ Literature-Driven Target,AMANTADINE HYDROCHLORIDE,Small molecule,4,Unknown
GRIN2A,ðŸŸ¡ Literature-Driven Target,FELBAMATE,Small molecule,4,Unknown
GRIN2A,ðŸŸ¡ Literature-Driven Target,DEXTROMETHORPHAN HYDROBROMIDE,Small molecule,4,Unknown
GRIN2A,ðŸŸ¡ Literature-Driven Target,DEXTROMETHORPHAN HYDROBROMIDE,Small molecule,4,Completed
GRIN2A,ðŸŸ¡ Literature-Driven Target,AMANTADINE HYDROCHLORIDE,Small molecule,4,Unknown
GRIN2A,ðŸŸ¡ Literature-Driven Target,AMANTADINE HYDROCHLORIDE,Small molecule,4,Unknown
GRIN2A,ðŸŸ¡ Literature-Driven Target,FELBAMATE,Small molecule,4,Unknown
GRIN2A,ðŸŸ¡ Literature-Driven Target,MEMANTINE,Small molecule,4,Completed
GRIN2A,ðŸŸ¡ Literature-Driven Target,AMANTADINE HYDROCHLORIDE,Small molecule,4,Unknown
GRIN2A,ðŸŸ¡ Literature-Driven Target,DEXTROMETHORPHAN HYDROBROMIDE,Small molecule,4,Unknown
GRIN2A,ðŸŸ¡ Literature-Driven Target,DEXTROMETHORPHAN HYDROBROMIDE,Small molecule,4,Terminated
GRIN2A,ðŸŸ¡ Literature-Driven Target,DEXTROMETHORPHAN,Small molecule,4,Completed
GRIN2A,ðŸŸ¡ Literature-Driven Target,ORPHENADRINE CITRATE,Small molecule,4,Unknown
GRIN2A,ðŸŸ¡ Literature-Driven Target,ESKETAMINE HYDROCHLORIDE,Small molecule,4,Unknown
GRIN2A,ðŸŸ¡ Literature-Driven Target,DEXTROMETHORPHAN HYDROBROMIDE,Small molecule,4,Unknown
GRIN2A,ðŸŸ¡ Literature-Driven Target,AMANTADINE HYDROCHLORIDE,Small molecule,4,Unknown
GRIN2A,ðŸŸ¡ Literature-Driven Target,ESKETAMINE HYDROCHLORIDE,Small molecule,4,Unknown
GRIN2A,ðŸŸ¡ Literature-Driven Target,ESKETAMINE,Small molecule,4,Completed
GRIN2A,ðŸŸ¡ Literature-Driven Target,ESKETAMINE,Small molecule,4,Recruiting
GRIN2A,ðŸŸ¡ Literature-Driven Target,MEMANTINE HYDROCHLORIDE,Small molecule,4,Unknown
GRIN2A,ðŸŸ¡ Literature-Driven Target,AMANTADINE HYDROCHLORIDE,Small molecule,4,Unknown
GRIN2A,ðŸŸ¡ Literature-Driven Target,ORPHENADRINE HYDROCHLORIDE,Small molecule,4,Unknown
GRIN2A,ðŸŸ¡ Literature-Driven Target,AMANTADINE HYDROCHLORIDE,Small molecule,4,Unknown
GRIN2A,ðŸŸ¡ Literature-Driven Target,AMANTADINE,Small molecule,4,Completed
GRIN2A,ðŸŸ¡ Literature-Driven Target,AMANTADINE,Small molecule,4,Unknown status
GRIN2D,ðŸŸ¡ Literature-Driven Target,AMANTADINE HYDROCHLORIDE,Small molecule,4,Unknown
GRIN2D,ðŸŸ¡ Literature-Driven Target,FELBAMATE,Small molecule,4,Unknown
GRIN2D,ðŸŸ¡ Literature-Driven Target,AMANTADINE HYDROCHLORIDE,Small molecule,4,Unknown
GRIN2D,ðŸŸ¡ Literature-Driven Target,MEMANTINE HYDROCHLORIDE,Small molecule,4,Completed
GRIN2D,ðŸŸ¡ Literature-Driven Target,ORPHENADRINE CITRATE,Small molecule,4,Unknown
GRIN2D,ðŸŸ¡ Literature-Driven Target,ESKETAMINE HYDROCHLORIDE,Small molecule,4,Unknown
GRIN2D,ðŸŸ¡ Literature-Driven Target,ESKETAMINE,Small molecule,4,Unknown
GRIN2D,ðŸŸ¡ Literature-Driven Target,ESKETAMINE,Small molecule,4,Withdrawn
GRIN2D,ðŸŸ¡ Literature-Driven Target,AMANTADINE HYDROCHLORIDE,Small molecule,4,Unknown
GRIN2D,ðŸŸ¡ Literature-Driven Target,ESKETAMINE,Small molecule,4,Completed
GRIN2D,ðŸŸ¡ Literature-Driven Target,ESKETAMINE,Small molecule,4,Recruiting
GRIN2D,ðŸŸ¡ Literature-Driven Target,FELBAMATE,Small molecule,4,Unknown
GRIN2D,ðŸŸ¡ Literature-Driven Target,AMANTADINE HYDROCHLORIDE,Small molecule,4,Unknown
GRIN2D,ðŸŸ¡ Literature-Driven Target,AMANTADINE HYDROCHLORIDE,Small molecule,4,Unknown
GRIN2D,ðŸŸ¡ Literature-Driven Target,ORPHENADRINE HYDROCHLORIDE,Small molecule,4,Unknown
GRIN2D,ðŸŸ¡ Literature-Driven Target,MEMANTINE HYDROCHLORIDE,Small molecule,4,Unknown
GRIN2D,ðŸŸ¡ Literature-Driven Target,MEMANTINE,Small molecule,4,Unknown
GRIN2D,ðŸŸ¡ Literature-Driven Target,MEMANTINE,Small molecule,4,Completed
GRIN2D,ðŸŸ¡ Literature-Driven Target,FELBAMATE,Small molecule,4,Unknown
GRIN2D,ðŸŸ¡ Literature-Driven Target,ACAMPROSATE,Small molecule,4,Not yet recruiting
GRIN2D,ðŸŸ¡ Literature-Driven Target,ACAMPROSATE,Small molecule,4,Terminated
GRIN2D,ðŸŸ¡ Literature-Driven Target,AMANTADINE HYDROCHLORIDE,Small molecule,4,Unknown
GRIN2D,ðŸŸ¡ Literature-Driven Target,ACAMPROSATE,Small molecule,4,Withdrawn
GRIN2D,ðŸŸ¡ Literature-Driven Target,ESKETAMINE,Small molecule,4,Recruiting
GRIN2D,ðŸŸ¡ Literature-Driven Target,ESKETAMINE HYDROCHLORIDE,Small molecule,4,Unknown
EPHA1,âšª Under Investigation,VANDETANIB,Small molecule,4,Unknown
EPHA1,âšª Under Investigation,VANDETANIB,Small molecule,4,Unknown
EPHA1,âšª Under Investigation,VANDETANIB,Small molecule,4,Unknown
EPHA1,âšª Under Investigation,VANDETANIB,Small molecule,4,"Active, not recruiting"
EPHA1,âšª Under Investigation,VANDETANIB,Small molecule,4,Unknown
EPHA1,âšª Under Investigation,VANDETANIB,Small molecule,3,Completed
EPHA1,âšª Under Investigation,VANDETANIB,Small molecule,3,Completed
EPHA1,âšª Under Investigation,VANDETANIB,Small molecule,3,"Active, not recruiting"
EPHA1,âšª Under Investigation,VANDETANIB,Small molecule,3,"Active, not recruiting"
EPHA1,âšª Under Investigation,VANDETANIB,Small molecule,3,Withdrawn
EPHA1,âšª Under Investigation,VANDETANIB,Small molecule,3,Completed
EPHA1,âšª Under Investigation,VANDETANIB,Small molecule,2,Completed
EPHA1,âšª Under Investigation,VANDETANIB,Small molecule,2,Completed
EPHA1,âšª Under Investigation,VANDETANIB,Small molecule,2,Unknown status
EPHA1,âšª Under Investigation,VANDETANIB,Small molecule,2,Terminated
EPHA1,âšª Under Investigation,VANDETANIB,Small molecule,2,Terminated
EPHA1,âšª Under Investigation,VANDETANIB,Small molecule,2,Completed
EPHA1,âšª Under Investigation,VANDETANIB,Small molecule,2,Completed
EPHA1,âšª Under Investigation,VANDETANIB,Small molecule,2,Terminated
EPHA1,âšª Under Investigation,VANDETANIB,Small molecule,2,Completed
EPHA1,âšª Under Investigation,VANDETANIB,Small molecule,2,Unknown status
EPHA1,âšª Under Investigation,VANDETANIB,Small molecule,2,Completed
EPHA1,âšª Under Investigation,VANDETANIB,Small molecule,2,Terminated
EPHA1,âšª Under Investigation,VANDETANIB,Small molecule,2,Recruiting
EPHA1,âšª Under Investigation,VANDETANIB,Small molecule,2,Completed
GRIN3A,âšª Under Investigation,FELBAMATE,Small molecule,4,Unknown
GRIN3A,âšª Under Investigation,AMANTADINE HYDROCHLORIDE,Small molecule,4,Unknown
GRIN3A,âšª Under Investigation,AMANTADINE HYDROCHLORIDE,Small molecule,4,Unknown
GRIN3A,âšª Under Investigation,MEMANTINE HYDROCHLORIDE,Small molecule,4,Unknown
GRIN3A,âšª Under Investigation,MEMANTINE,Small molecule,4,Unknown
GRIN3A,âšª Under Investigation,MEMANTINE,Small molecule,4,Completed
GRIN3A,âšª Under Investigation,ESKETAMINE HYDROCHLORIDE,Small molecule,4,Unknown
GRIN3A,âšª Under Investigation,ESKETAMINE,Small molecule,4,Recruiting
GRIN3A,âšª Under Investigation,ESKETAMINE,Small molecule,4,Withdrawn
GRIN3A,âšª Under Investigation,ESKETAMINE HYDROCHLORIDE,Small molecule,4,Unknown
GRIN3A,âšª Under Investigation,ESKETAMINE,Small molecule,4,Completed
GRIN3A,âšª Under Investigation,ESKETAMINE,Small molecule,4,Recruiting
GRIN3A,âšª Under Investigation,MEMANTINE HYDROCHLORIDE,Small molecule,4,Unknown status
GRIN3A,âšª Under Investigation,AMANTADINE HYDROCHLORIDE,Small molecule,4,Unknown
GRIN3A,âšª Under Investigation,AMANTADINE HYDROCHLORIDE,Small molecule,4,Unknown
GRIN3A,âšª Under Investigation,AMANTADINE HYDROCHLORIDE,Small molecule,4,Unknown
GRIN3A,âšª Under Investigation,ORPHENADRINE HYDROCHLORIDE,Small molecule,4,Unknown
GRIN3A,âšª Under Investigation,AMANTADINE HYDROCHLORIDE,Small molecule,4,Completed
GRIN3A,âšª Under Investigation,AMANTADINE,Small molecule,4,Unknown
GRIN3A,âšª Under Investigation,MEMANTINE HYDROCHLORIDE,Small molecule,4,Completed
GRIN3A,âšª Under Investigation,FELBAMATE,Small molecule,4,Unknown
GRIN3A,âšª Under Investigation,ORPHENADRINE CITRATE,Small molecule,4,Unknown
GRIN3A,âšª Under Investigation,ACAMPROSATE,Small molecule,4,Unknown
GRIN3A,âšª Under Investigation,AMANTADINE HYDROCHLORIDE,Small molecule,4,Unknown
GRIN3A,âšª Under Investigation,ACAMPROSATE,Small molecule,4,Withdrawn
GRIN2C,âšª Under Investigation,AMANTADINE HYDROCHLORIDE,Small molecule,4,Unknown
GRIN2C,âšª Under Investigation,FELBAMATE,Small molecule,4,Unknown
GRIN2C,âšª Under Investigation,AMANTADINE HYDROCHLORIDE,Small molecule,4,Unknown
GRIN2C,âšª Under Investigation,AMANTADINE HYDROCHLORIDE,Small molecule,4,Unknown
GRIN2C,âšª Under Investigation,MEMANTINE HYDROCHLORIDE,Small molecule,4,Unknown
GRIN2C,âšª Under Investigation,MEMANTINE,Small molecule,4,Unknown
GRIN2C,âšª Under Investigation,AMANTADINE HYDROCHLORIDE,Small molecule,4,Unknown
GRIN2C,âšª Under Investigation,ESKETAMINE,Small molecule,4,Recruiting
GRIN2C,âšª Under Investigation,ESKETAMINE,Small molecule,4,Withdrawn
GRIN2C,âšª Under Investigation,ESKETAMINE,Small molecule,4,Completed
GRIN2C,âšª Under Investigation,ESKETAMINE,Small molecule,4,Recruiting
GRIN2C,âšª Under Investigation,FELBAMATE,Small molecule,4,Unknown
GRIN2C,âšª Under Investigation,MEMANTINE HYDROCHLORIDE,Small molecule,4,Unknown status
GRIN2C,âšª Under Investigation,AMANTADINE HYDROCHLORIDE,Small molecule,4,Unknown
GRIN2C,âšª Under Investigation,AMANTADINE HYDROCHLORIDE,Small molecule,4,Unknown
GRIN2C,âšª Under Investigation,AMANTADINE HYDROCHLORIDE,Small molecule,4,Completed
GRIN2C,âšª Under Investigation,AMANTADINE,Small molecule,4,Unknown
GRIN2C,âšª Under Investigation,AMANTADINE,Small molecule,4,Completed
GRIN2C,âšª Under Investigation,AMANTADINE,Small molecule,4,Unknown status
GRIN2C,âšª Under Investigation,MEMANTINE HYDROCHLORIDE,Small molecule,4,Completed
GRIN2C,âšª Under Investigation,MEMANTINE,Small molecule,4,Completed
GRIN2C,âšª Under Investigation,FELBAMATE,Small molecule,4,Unknown
GRIN2C,âšª Under Investigation,ORPHENADRINE CITRATE,Small molecule,4,Unknown
GRIN2C,âšª Under Investigation,ACAMPROSATE,Small molecule,4,Unknown
GRIN2C,âšª Under Investigation,ACAMPROSATE,Small molecule,4,Completed
HMGCR,ðŸŸ¡ Literature-Driven Target,SIMVASTATIN,Small molecule,4,Unknown
HMGCR,ðŸŸ¡ Literature-Driven Target,SIMVASTATIN,Small molecule,4,Completed
HMGCR,ðŸŸ¡ Literature-Driven Target,PRAVASTATIN,Small molecule,4,Unknown
HMGCR,ðŸŸ¡ Literature-Driven Target,PITAVASTATIN,Small molecule,4,Unknown
HMGCR,ðŸŸ¡ Literature-Driven Target,ATORVASTATIN,Small molecule,4,"Active, not recruiting"
HMGCR,ðŸŸ¡ Literature-Driven Target,ATORVASTATIN,Small molecule,4,Completed
HMGCR,ðŸŸ¡ Literature-Driven Target,ATORVASTATIN,Small molecule,4,Recruiting
HMGCR,ðŸŸ¡ Literature-Driven Target,FLUVASTATIN,Small molecule,4,Unknown
HMGCR,ðŸŸ¡ Literature-Driven Target,LOVASTATIN,Small molecule,4,Unknown
HMGCR,ðŸŸ¡ Literature-Driven Target,ATORVASTATIN CALCIUM,Small molecule,4,Unknown
HMGCR,ðŸŸ¡ Literature-Driven Target,PRAVASTATIN,Small molecule,4,Completed
HMGCR,ðŸŸ¡ Literature-Driven Target,CERIVASTATIN,Small molecule,4,Unknown
HMGCR,ðŸŸ¡ Literature-Driven Target,ATORVASTATIN,Small molecule,4,Unknown
HMGCR,ðŸŸ¡ Literature-Driven Target,ATORVASTATIN,Small molecule,4,Terminated
HMGCR,ðŸŸ¡ Literature-Driven Target,ATORVASTATIN,Small molecule,4,Unknown status
HMGCR,ðŸŸ¡ Literature-Driven Target,ROSUVASTATIN,Small molecule,4,Unknown
HMGCR,ðŸŸ¡ Literature-Driven Target,ROSUVASTATIN,Small molecule,4,"Active, not recruiting"
HMGCR,ðŸŸ¡ Literature-Driven Target,ROSUVASTATIN,Small molecule,4,Terminated
HMGCR,ðŸŸ¡ Literature-Driven Target,PRAVASTATIN SODIUM,Small molecule,4,Unknown
HMGCR,ðŸŸ¡ Literature-Driven Target,ATORVASTATIN CALCIUM,Small molecule,4,Unknown
HMGCR,ðŸŸ¡ Literature-Driven Target,SIMVASTATIN,Small molecule,4,Unknown
HMGCR,ðŸŸ¡ Literature-Driven Target,SIMVASTATIN,Small molecule,4,Completed
HMGCR,ðŸŸ¡ Literature-Driven Target,ATORVASTATIN CALCIUM,Small molecule,4,Unknown
HMGCR,ðŸŸ¡ Literature-Driven Target,SIMVASTATIN,Small molecule,4,Unknown
HMGCR,ðŸŸ¡ Literature-Driven Target,SIMVASTATIN,Small molecule,4,Completed
CD33,ðŸŸ¡ Literature-Driven Target,GEMTUZUMAB OZOGAMICIN,Antibody drug conjugate,4,Unknown
CD33,ðŸŸ¡ Literature-Driven Target,GEMTUZUMAB OZOGAMICIN,Antibody drug conjugate,4,Completed
CD33,ðŸŸ¡ Literature-Driven Target,GEMTUZUMAB OZOGAMICIN,Antibody drug conjugate,4,Unknown
CD33,ðŸŸ¡ Literature-Driven Target,GEMTUZUMAB OZOGAMICIN,Antibody drug conjugate,4,Unknown
CD33,ðŸŸ¡ Literature-Driven Target,GEMTUZUMAB OZOGAMICIN,Antibody drug conjugate,3,Completed
CD33,ðŸŸ¡ Literature-Driven Target,GEMTUZUMAB OZOGAMICIN,Antibody drug conjugate,3,Completed
CD33,ðŸŸ¡ Literature-Driven Target,GEMTUZUMAB OZOGAMICIN,Antibody drug conjugate,3,"Active, not recruiting"
CD33,ðŸŸ¡ Literature-Driven Target,GEMTUZUMAB OZOGAMICIN,Antibody drug conjugate,3,Recruiting
CD33,ðŸŸ¡ Literature-Driven Target,GEMTUZUMAB,Antibody,3,Completed
CD33,ðŸŸ¡ Literature-Driven Target,GEMTUZUMAB OZOGAMICIN,Antibody drug conjugate,3,Completed
CD33,ðŸŸ¡ Literature-Driven Target,LINTUZUMAB,Antibody,3,Unknown status
CD33,ðŸŸ¡ Literature-Driven Target,GEMTUZUMAB OZOGAMICIN,Antibody drug conjugate,2,Unknown status
CD33,ðŸŸ¡ Literature-Driven Target,LINTUZUMAB,Antibody,2,Completed
CD33,ðŸŸ¡ Literature-Driven Target,LINTUZUMAB,Antibody,2,Withdrawn
CD33,ðŸŸ¡ Literature-Driven Target,GEMTUZUMAB OZOGAMICIN,Antibody drug conjugate,2,Terminated
CD33,ðŸŸ¡ Literature-Driven Target,GEMTUZUMAB OZOGAMICIN,Antibody drug conjugate,2,"Active, not recruiting"
CD33,ðŸŸ¡ Literature-Driven Target,GEMTUZUMAB OZOGAMICIN,Antibody drug conjugate,2,Completed
CD33,ðŸŸ¡ Literature-Driven Target,GEMTUZUMAB OZOGAMICIN,Antibody drug conjugate,2,Recruiting
CD33,ðŸŸ¡ Literature-Driven Target,GEMTUZUMAB OZOGAMICIN,Antibody drug conjugate,2,Unknown status
CD33,ðŸŸ¡ Literature-Driven Target,GEMTUZUMAB OZOGAMICIN,Antibody drug conjugate,2,Completed
CD33,ðŸŸ¡ Literature-Driven Target,GEMTUZUMAB OZOGAMICIN,Antibody drug conjugate,2,Withdrawn
CD33,ðŸŸ¡ Literature-Driven Target,LINTUZUMAB,Antibody,2,Terminated
CD33,ðŸŸ¡ Literature-Driven Target,LINTUZUMAB,Antibody,2,Completed
CD33,ðŸŸ¡ Literature-Driven Target,GEMTUZUMAB OZOGAMICIN,Antibody drug conjugate,2,Not yet recruiting
CD33,ðŸŸ¡ Literature-Driven Target,GEMTUZUMAB OZOGAMICIN,Antibody drug conjugate,2,Terminated
NDUFAB1,âšª Under Investigation,METFORMIN,Small molecule,4,Unknown
NDUFAB1,âšª Under Investigation,METFORMIN,Small molecule,4,Completed
NDUFAB1,âšª Under Investigation,METFORMIN,Small molecule,4,Not yet recruiting
NDUFAB1,âšª Under Investigation,METFORMIN,Small molecule,4,Recruiting
NDUFAB1,âšª Under Investigation,METFORMIN,Small molecule,4,Terminated
NDUFAB1,âšª Under Investigation,METFORMIN HYDROCHLORIDE,Small molecule,4,Unknown
NDUFAB1,âšª Under Investigation,METFORMIN HYDROCHLORIDE,Small molecule,4,Completed
NDUFAB1,âšª Under Investigation,METFORMIN HYDROCHLORIDE,Small molecule,4,Not yet recruiting
NDUFAB1,âšª Under Investigation,METFORMIN,Small molecule,4,Unknown status
NDUFAB1,âšª Under Investigation,METFORMIN HYDROCHLORIDE,Small molecule,4,Unknown
NDUFAB1,âšª Under Investigation,METFORMIN HYDROCHLORIDE,Small molecule,4,Completed
NDUFAB1,âšª Under Investigation,METFORMIN HYDROCHLORIDE,Small molecule,4,Recruiting
NDUFAB1,âšª Under Investigation,METFORMIN HYDROCHLORIDE,Small molecule,4,Withdrawn
NDUFAB1,âšª Under Investigation,METFORMIN HYDROCHLORIDE,Small molecule,3,Completed
NDUFAB1,âšª Under Investigation,METFORMIN,Small molecule,3,Completed
NDUFAB1,âšª Under Investigation,METFORMIN,Small molecule,3,Completed
NDUFAB1,âšª Under Investigation,METFORMIN,Small molecule,3,Not yet recruiting
NDUFAB1,âšª Under Investigation,METFORMIN,Small molecule,3,Recruiting
NDUFAB1,âšª Under Investigation,METFORMIN,Small molecule,3,Unknown status
NDUFAB1,âšª Under Investigation,METFORMIN HYDROCHLORIDE,Small molecule,3,Completed
NDUFAB1,âšª Under Investigation,METFORMIN,Small molecule,3,Recruiting
NDUFAB1,âšª Under Investigation,METFORMIN,Small molecule,3,Recruiting
NDUFAB1,âšª Under Investigation,METFORMIN,Small molecule,3,"Active, not recruiting"
NDUFAB1,âšª Under Investigation,METFORMIN,Small molecule,3,Terminated
NDUFAB1,âšª Under Investigation,METFORMIN,Small molecule,3,Withdrawn
GSK3B,ðŸŸ¡ Literature-Driven Target,LITHIUM CARBONATE,Small molecule,4,Unknown status
GSK3B,ðŸŸ¡ Literature-Driven Target,LITHIUM CARBONATE,Small molecule,4,Terminated
GSK3B,ðŸŸ¡ Literature-Driven Target,LITHIUM CARBONATE,Small molecule,4,Recruiting
GSK3B,ðŸŸ¡ Literature-Driven Target,LITHIUM CARBONATE,Small molecule,4,Unknown
GSK3B,ðŸŸ¡ Literature-Driven Target,LITHIUM CARBONATE,Small molecule,4,Completed
GSK3B,ðŸŸ¡ Literature-Driven Target,LITHIUM CARBONATE,Small molecule,4,Withdrawn
GSK3B,ðŸŸ¡ Literature-Driven Target,LITHIUM CITRATE,Small molecule,4,Unknown
GSK3B,ðŸŸ¡ Literature-Driven Target,LITHIUM CARBONATE,Small molecule,4,Completed
GSK3B,ðŸŸ¡ Literature-Driven Target,LITHIUM CARBONATE,Small molecule,4,Unknown status
GSK3B,ðŸŸ¡ Literature-Driven Target,LITHIUM CARBONATE,Small molecule,4,Completed
GSK3B,ðŸŸ¡ Literature-Driven Target,LITHIUM CARBONATE,Small molecule,4,Terminated
GSK3B,ðŸŸ¡ Literature-Driven Target,LITHIUM CARBONATE,Small molecule,4,Unknown status
GSK3B,ðŸŸ¡ Literature-Driven Target,LITHIUM CARBONATE,Small molecule,4,Completed
GSK3B,ðŸŸ¡ Literature-Driven Target,LITHIUM CARBONATE,Small molecule,4,Unknown
GSK3B,ðŸŸ¡ Literature-Driven Target,LITHIUM CARBONATE,Small molecule,4,Recruiting
GSK3B,ðŸŸ¡ Literature-Driven Target,LITHIUM CARBONATE,Small molecule,4,Terminated
GSK3B,ðŸŸ¡ Literature-Driven Target,LITHIUM CARBONATE,Small molecule,4,Withdrawn
GSK3B,ðŸŸ¡ Literature-Driven Target,LITHIUM CARBONATE,Small molecule,3,Completed
GSK3B,ðŸŸ¡ Literature-Driven Target,LITHIUM CARBONATE,Small molecule,3,Recruiting
GSK3B,ðŸŸ¡ Literature-Driven Target,LITHIUM CARBONATE,Small molecule,3,Recruiting
GSK3B,ðŸŸ¡ Literature-Driven Target,LITHIUM CARBONATE,Small molecule,3,"Active, not recruiting"
GSK3B,ðŸŸ¡ Literature-Driven Target,LITHIUM CARBONATE,Small molecule,3,Completed
GSK3B,ðŸŸ¡ Literature-Driven Target,LITHIUM CARBONATE,Small molecule,3,Completed
GSK3B,ðŸŸ¡ Literature-Driven Target,LITHIUM CARBONATE,Small molecule,3,Completed
GSK3B,ðŸŸ¡ Literature-Driven Target,LITHIUM CARBONATE,Small molecule,3,Completed
CLU,ðŸŸ¡ Literature-Driven Target,CUSTIRSEN,Oligonucleotide,3,Unknown status
CLU,ðŸŸ¡ Literature-Driven Target,CUSTIRSEN SODIUM,Oligonucleotide,3,Completed
CLU,ðŸŸ¡ Literature-Driven Target,CUSTIRSEN,Oligonucleotide,3,Completed
CLU,ðŸŸ¡ Literature-Driven Target,CUSTIRSEN SODIUM,Oligonucleotide,3,Terminated
CLU,ðŸŸ¡ Literature-Driven Target,CUSTIRSEN SODIUM,Oligonucleotide,2,Completed
CLU,ðŸŸ¡ Literature-Driven Target,CUSTIRSEN,Oligonucleotide,2,Completed
CLU,ðŸŸ¡ Literature-Driven Target,CUSTIRSEN SODIUM,Oligonucleotide,2,Completed
CLU,ðŸŸ¡ Literature-Driven Target,CUSTIRSEN SODIUM,Oligonucleotide,1,Completed
CLU,ðŸŸ¡ Literature-Driven Target,CUSTIRSEN,Oligonucleotide,1,Completed
CLU,ðŸŸ¡ Literature-Driven Target,CUSTIRSEN SODIUM,Oligonucleotide,1,Completed
PLK1,ðŸŸ¡ Literature-Driven Target,VOLASERTIB,Small molecule,3,Completed
PLK1,ðŸŸ¡ Literature-Driven Target,VOLASERTIB,Small molecule,2,Completed
PLK1,ðŸŸ¡ Literature-Driven Target,VOLASERTIB,Small molecule,2,Terminated
PLK1,ðŸŸ¡ Literature-Driven Target,VOLASERTIB,Small molecule,2,Terminated
PLK1,ðŸŸ¡ Literature-Driven Target,BI-2536,Small molecule,2,Completed
PLK1,ðŸŸ¡ Literature-Driven Target,VOLASERTIB,Small molecule,2,Completed
PLK1,ðŸŸ¡ Literature-Driven Target,VOLASERTIB,Small molecule,2,Completed
PLK1,ðŸŸ¡ Literature-Driven Target,BI-2536,Small molecule,2,Completed
PLK1,ðŸŸ¡ Literature-Driven Target,BI-2536,Small molecule,2,Completed
PLK1,ðŸŸ¡ Literature-Driven Target,BI-2536,Small molecule,2,Completed
PLK1,ðŸŸ¡ Literature-Driven Target,BI-2536,Small molecule,2,Completed
PLK1,ðŸŸ¡ Literature-Driven Target,VOLASERTIB,Small molecule,2,Completed
PLK1,ðŸŸ¡ Literature-Driven Target,ONVANSERTIB,Small molecule,2,"Active, not recruiting"
PLK1,ðŸŸ¡ Literature-Driven Target,ONVANSERTIB,Small molecule,2,"Active, not recruiting"
PLK1,ðŸŸ¡ Literature-Driven Target,ONVANSERTIB,Small molecule,2,Completed
PLK1,ðŸŸ¡ Literature-Driven Target,VOLASERTIB,Small molecule,1,Terminated
PLK1,ðŸŸ¡ Literature-Driven Target,VOLASERTIB,Small molecule,1,Withdrawn
PLK1,ðŸŸ¡ Literature-Driven Target,ONVANSERTIB,Small molecule,1,Completed
PLK1,ðŸŸ¡ Literature-Driven Target,VOLASERTIB,Small molecule,1,Withdrawn
PLK1,ðŸŸ¡ Literature-Driven Target,VOLASERTIB,Small molecule,1,Completed
PLK1,ðŸŸ¡ Literature-Driven Target,VOLASERTIB,Small molecule,1,Terminated
PLK1,ðŸŸ¡ Literature-Driven Target,CAFUSERTIB,Unknown,1,Unknown status
PLK1,ðŸŸ¡ Literature-Driven Target,VOLASERTIB,Small molecule,1,Completed
PLK1,ðŸŸ¡ Literature-Driven Target,BI-2536,Small molecule,1,Completed
PLK1,ðŸŸ¡ Literature-Driven Target,MK-1496,Small molecule,1,Completed
CDK4,ðŸŸ¡ Literature-Driven Target,PALBOCICLIB,Small molecule,4,Unknown
CDK4,ðŸŸ¡ Literature-Driven Target,ABEMACICLIB,Small molecule,4,Unknown
CDK4,ðŸŸ¡ Literature-Driven Target,RIBOCICLIB SUCCINATE,Small molecule,4,Unknown
CDK4,ðŸŸ¡ Literature-Driven Target,ABEMACICLIB,Small molecule,4,Unknown
CDK4,ðŸŸ¡ Literature-Driven Target,PALBOCICLIB,Small molecule,4,Unknown
CDK4,ðŸŸ¡ Literature-Driven Target,RIBOCICLIB SUCCINATE,Small molecule,4,Unknown
CDK4,ðŸŸ¡ Literature-Driven Target,TRILACICLIB DIHYDROCHLORIDE,Small molecule,4,Unknown
CDK4,ðŸŸ¡ Literature-Driven Target,PALBOCICLIB,Small molecule,4,Unknown
CDK4,ðŸŸ¡ Literature-Driven Target,PALBOCICLIB,Small molecule,4,Terminated
CDK4,ðŸŸ¡ Literature-Driven Target,ABEMACICLIB,Small molecule,4,Unknown
CDK4,ðŸŸ¡ Literature-Driven Target,RIBOCICLIB SUCCINATE,Small molecule,4,Unknown
CDK4,ðŸŸ¡ Literature-Driven Target,PALBOCICLIB,Small molecule,4,Completed
CDK4,ðŸŸ¡ Literature-Driven Target,ABEMACICLIB,Small molecule,4,Recruiting
CDK4,ðŸŸ¡ Literature-Driven Target,ABEMACICLIB,Small molecule,4,Terminated
CDK4,ðŸŸ¡ Literature-Driven Target,ABEMACICLIB,Small molecule,4,Withdrawn
CDK4,ðŸŸ¡ Literature-Driven Target,ABEMACICLIB,Small molecule,4,Unknown
CDK4,ðŸŸ¡ Literature-Driven Target,PALBOCICLIB,Small molecule,4,Unknown
CDK4,ðŸŸ¡ Literature-Driven Target,PALBOCICLIB,Small molecule,4,Recruiting
CDK4,ðŸŸ¡ Literature-Driven Target,RIBOCICLIB SUCCINATE,Small molecule,4,Unknown
CDK4,ðŸŸ¡ Literature-Driven Target,PALBOCICLIB,Small molecule,3,Recruiting
CDK4,ðŸŸ¡ Literature-Driven Target,TRILACICLIB,Small molecule,3,Completed
CDK4,ðŸŸ¡ Literature-Driven Target,PALBOCICLIB,Small molecule,3,Completed
CDK4,ðŸŸ¡ Literature-Driven Target,ABEMACICLIB,Small molecule,3,"Active, not recruiting"
CDK4,ðŸŸ¡ Literature-Driven Target,TRILACICLIB,Small molecule,3,"Active, not recruiting"
CDK4,ðŸŸ¡ Literature-Driven Target,ABEMACICLIB,Small molecule,3,"Active, not recruiting"
AXL,âšª Under Investigation,GILTERITINIB FUMARATE,Small molecule,4,Unknown
AXL,âšª Under Investigation,GILTERITINIB,Small molecule,4,Unknown
AXL,âšª Under Investigation,GILTERITINIB FUMARATE,Small molecule,4,Unknown
AXL,âšª Under Investigation,GILTERITINIB,Small molecule,3,"Active, not recruiting"
AXL,âšª Under Investigation,GILTERITINIB,Small molecule,3,Completed
AXL,âšª Under Investigation,GILTERITINIB,Small molecule,3,"Active, not recruiting"
AXL,âšª Under Investigation,GILTERITINIB FUMARATE,Small molecule,3,"Active, not recruiting"
AXL,âšª Under Investigation,GILTERITINIB,Small molecule,2,Recruiting
AXL,âšª Under Investigation,GILTERITINIB FUMARATE,Small molecule,2,Recruiting
AXL,âšª Under Investigation,GILTERITINIB,Small molecule,2,Completed
AXL,âšª Under Investigation,GILTERITINIB,Small molecule,2,"Active, not recruiting"
AXL,âšª Under Investigation,GILTERITINIB,Small molecule,2,Recruiting
AXL,âšª Under Investigation,BEMCENTINIB,Small molecule,2,Completed
AXL,âšª Under Investigation,BEMCENTINIB,Small molecule,2,"Active, not recruiting"
AXL,âšª Under Investigation,BEMCENTINIB,Small molecule,2,Completed
AXL,âšª Under Investigation,NINGETINIB,Small molecule,2,Terminated
AXL,âšª Under Investigation,GILTERITINIB,Small molecule,2,Recruiting
AXL,âšª Under Investigation,BEMCENTINIB,Small molecule,2,Terminated
AXL,âšª Under Investigation,GILTERITINIB,Small molecule,2,Recruiting
AXL,âšª Under Investigation,BEMCENTINIB,Small molecule,2,Completed
AXL,âšª Under Investigation,NINGETINIB,Small molecule,1,Terminated
AXL,âšª Under Investigation,GILTERITINIB,Small molecule,1,Recruiting
AXL,âšª Under Investigation,BEMCENTINIB,Small molecule,1,Unknown status
AXL,âšª Under Investigation,GILTERITINIB,Small molecule,1,Completed
AXL,âšª Under Investigation,GILTERITINIB FUMARATE,Small molecule,1,Withdrawn
NDUFS5,âšª Under Investigation,METFORMIN HYDROCHLORIDE,Small molecule,4,Not yet recruiting
NDUFS5,âšª Under Investigation,METFORMIN,Small molecule,4,Terminated
NDUFS5,âšª Under Investigation,METFORMIN HYDROCHLORIDE,Small molecule,4,Unknown
NDUFS5,âšª Under Investigation,METFORMIN HYDROCHLORIDE,Small molecule,4,Completed
NDUFS5,âšª Under Investigation,METFORMIN,Small molecule,4,Unknown
NDUFS5,âšª Under Investigation,METFORMIN,Small molecule,4,Completed
NDUFS5,âšª Under Investigation,METFORMIN,Small molecule,4,Not yet recruiting
NDUFS5,âšª Under Investigation,METFORMIN,Small molecule,4,Recruiting
NDUFS5,âšª Under Investigation,METFORMIN,Small molecule,4,Unknown status
NDUFS5,âšª Under Investigation,METFORMIN HYDROCHLORIDE,Small molecule,4,Withdrawn
NDUFS5,âšª Under Investigation,METFORMIN HYDROCHLORIDE,Small molecule,4,Unknown
NDUFS5,âšª Under Investigation,METFORMIN HYDROCHLORIDE,Small molecule,4,Completed
NDUFS5,âšª Under Investigation,METFORMIN HYDROCHLORIDE,Small molecule,4,Recruiting
NDUFS5,âšª Under Investigation,METFORMIN,Small molecule,3,Completed
NDUFS5,âšª Under Investigation,METFORMIN HYDROCHLORIDE,Small molecule,3,Completed
NDUFS5,âšª Under Investigation,METFORMIN,Small molecule,3,"Active, not recruiting"
NDUFS5,âšª Under Investigation,METFORMIN,Small molecule,3,Completed
NDUFS5,âšª Under Investigation,METFORMIN,Small molecule,3,Not yet recruiting
NDUFS5,âšª Under Investigation,METFORMIN,Small molecule,3,Recruiting
NDUFS5,âšª Under Investigation,METFORMIN,Small molecule,3,Withdrawn
NDUFS5,âšª Under Investigation,METFORMIN HYDROCHLORIDE,Small molecule,3,Completed
NDUFS5,âšª Under Investigation,METFORMIN,Small molecule,3,Recruiting
NDUFS5,âšª Under Investigation,METFORMIN,Small molecule,3,Recruiting
NDUFS5,âšª Under Investigation,METFORMIN,Small molecule,3,Completed
NDUFS5,âšª Under Investigation,METFORMIN,Small molecule,3,Completed
AURKB,âšª Under Investigation,IBCASERTIB,Small molecule,3,Recruiting
AURKB,âšª Under Investigation,ENMD-2076,Small molecule,2,Completed
AURKB,âšª Under Investigation,BARASERTIB,Small molecule,2,Completed
AURKB,âšª Under Investigation,BI-811283,Unknown,2,Completed
AURKB,âšª Under Investigation,ENMD-2076,Small molecule,2,Completed
AURKB,âšª Under Investigation,DANUSERTIB,Small molecule,2,Unknown status
AURKB,âšª Under Investigation,TOZASERTIB,Small molecule,2,Terminated
AURKB,âšª Under Investigation,DANUSERTIB,Small molecule,2,Terminated
AURKB,âšª Under Investigation,AT-9283,Small molecule,2,Completed
AURKB,âšª Under Investigation,TOZASERTIB,Small molecule,2,Terminated
AURKB,âšª Under Investigation,ENMD-2076,Small molecule,2,Completed
AURKB,âšª Under Investigation,IBCASERTIB,Small molecule,2,Recruiting
AURKB,âšª Under Investigation,IBCASERTIB,Small molecule,2,Recruiting
AURKB,âšª Under Investigation,ENMD-2076,Small molecule,2,Completed
AURKB,âšª Under Investigation,ENMD-2076,Small molecule,2,Completed
AURKB,âšª Under Investigation,ENMD-2076,Small molecule,2,Completed
AURKB,âšª Under Investigation,ENMD-2076,Small molecule,2,Completed
AURKB,âšª Under Investigation,ILORASERTIB,Small molecule,2,Terminated
AURKB,âšª Under Investigation,IBCASERTIB,Small molecule,2,Completed
AURKB,âšª Under Investigation,DANUSERTIB,Small molecule,2,Completed
AURKB,âšª Under Investigation,TOZASERTIB,Small molecule,1,Completed
AURKB,âšª Under Investigation,TAK-901,Small molecule,1,Completed
AURKB,âšª Under Investigation,IBCASERTIB,Small molecule,1,Completed
AURKB,âšª Under Investigation,KW-2449,Small molecule,1,Terminated
AURKB,âšª Under Investigation,TAK-901,Small molecule,1,Completed
NDUFA8,âšª Under Investigation,METFORMIN,Small molecule,4,Completed
NDUFA8,âšª Under Investigation,METFORMIN,Small molecule,4,Recruiting
NDUFA8,âšª Under Investigation,METFORMIN,Small molecule,4,Terminated
NDUFA8,âšª Under Investigation,METFORMIN HYDROCHLORIDE,Small molecule,4,Completed
NDUFA8,âšª Under Investigation,METFORMIN HYDROCHLORIDE,Small molecule,4,Not yet recruiting
NDUFA8,âšª Under Investigation,METFORMIN,Small molecule,4,Unknown
NDUFA8,âšª Under Investigation,METFORMIN,Small molecule,4,Not yet recruiting
NDUFA8,âšª Under Investigation,METFORMIN,Small molecule,4,Unknown status
NDUFA8,âšª Under Investigation,METFORMIN HYDROCHLORIDE,Small molecule,4,Unknown
NDUFA8,âšª Under Investigation,METFORMIN HYDROCHLORIDE,Small molecule,4,Completed
NDUFA8,âšª Under Investigation,METFORMIN HYDROCHLORIDE,Small molecule,4,Recruiting
NDUFA8,âšª Under Investigation,METFORMIN HYDROCHLORIDE,Small molecule,4,Unknown
NDUFA8,âšª Under Investigation,METFORMIN HYDROCHLORIDE,Small molecule,4,Withdrawn
NDUFA8,âšª Under Investigation,METFORMIN,Small molecule,3,Completed
NDUFA8,âšª Under Investigation,METFORMIN HYDROCHLORIDE,Small molecule,3,Completed
NDUFA8,âšª Under Investigation,METFORMIN,Small molecule,3,Recruiting
NDUFA8,âšª Under Investigation,METFORMIN,Small molecule,3,Terminated
NDUFA8,âšª Under Investigation,METFORMIN,Small molecule,3,Unknown status
NDUFA8,âšª Under Investigation,METFORMIN,Small molecule,3,Withdrawn
NDUFA8,âšª Under Investigation,METFORMIN HYDROCHLORIDE,Small molecule,3,Completed
NDUFA8,âšª Under Investigation,METFORMIN,Small molecule,3,Recruiting
NDUFA8,âšª Under Investigation,METFORMIN,Small molecule,3,Completed
NDUFA8,âšª Under Investigation,METFORMIN,Small molecule,3,"Active, not recruiting"
NDUFA8,âšª Under Investigation,METFORMIN,Small molecule,3,Completed
NDUFA8,âšª Under Investigation,METFORMIN,Small molecule,3,Not yet recruiting
NDUFV2,âšª Under Investigation,METFORMIN HYDROCHLORIDE,Small molecule,4,Not yet recruiting
NDUFV2,âšª Under Investigation,METFORMIN,Small molecule,4,Unknown
NDUFV2,âšª Under Investigation,METFORMIN,Small molecule,4,Not yet recruiting
NDUFV2,âšª Under Investigation,METFORMIN HYDROCHLORIDE,Small molecule,4,Unknown
NDUFV2,âšª Under Investigation,METFORMIN HYDROCHLORIDE,Small molecule,4,Completed
NDUFV2,âšª Under Investigation,METFORMIN,Small molecule,4,Completed
NDUFV2,âšª Under Investigation,METFORMIN,Small molecule,4,Recruiting
NDUFV2,âšª Under Investigation,METFORMIN,Small molecule,4,Terminated
NDUFV2,âšª Under Investigation,METFORMIN,Small molecule,4,Unknown status
NDUFV2,âšª Under Investigation,METFORMIN HYDROCHLORIDE,Small molecule,4,Unknown
NDUFV2,âšª Under Investigation,METFORMIN HYDROCHLORIDE,Small molecule,4,Completed
NDUFV2,âšª Under Investigation,METFORMIN HYDROCHLORIDE,Small molecule,4,Recruiting
NDUFV2,âšª Under Investigation,METFORMIN HYDROCHLORIDE,Small molecule,4,Withdrawn
NDUFV2,âšª Under Investigation,METFORMIN HYDROCHLORIDE,Small molecule,3,Completed
NDUFV2,âšª Under Investigation,METFORMIN,Small molecule,3,Completed
NDUFV2,âšª Under Investigation,METFORMIN,Small molecule,3,"Active, not recruiting"
NDUFV2,âšª Under Investigation,METFORMIN,Small molecule,3,Completed
NDUFV2,âšª Under Investigation,METFORMIN,Small molecule,3,Withdrawn
NDUFV2,âšª Under Investigation,METFORMIN HYDROCHLORIDE,Small molecule,3,Completed
NDUFV2,âšª Under Investigation,METFORMIN,Small molecule,3,Not yet recruiting
NDUFV2,âšª Under Investigation,METFORMIN,Small molecule,3,Recruiting
NDUFV2,âšª Under Investigation,METFORMIN,Small molecule,3,Terminated
NDUFV2,âšª Under Investigation,METFORMIN,Small molecule,3,Unknown status
NDUFV2,âšª Under Investigation,METFORMIN,Small molecule,3,Recruiting
NDUFV2,âšª Under Investigation,METFORMIN,Small molecule,3,Completed
